rollo;calibre;ral;color;pesoKg;fechaIngreso;importador;observaciones;estado
PH 37;0,34;9003;BLANCO;4050;22/01/2024;PHOENIX;MAQUILADO  TH  10/09/2025  PESO  INICIAL  (4050);sin existencias
SM 6;0,33;9003;BLANCO;3810;9/05/2024;PHOENIX;MAQUILADO  TH  29/05/2025  PESO  INICIAL  (3810);sin existencias
SM 14;0,39;6001;VERDE;4130;10/05/2024;PHOENIX;MAQUILADO  TH  11/09/2024  PESO  INICIAL  (4130);sin existencias
SM 29 - 1;0,39 X 400;9003;BLANCO;1375,33;10/05/2024;PHOENIX;BODEGA  2  CANALES;activo
SM 29 - 2;0,39 X 400;9003;BLANCO;1375,33;10/05/2024;PHOENIX;BODEGA  2  CANALES;activo
SM 29 - 3;0,39 X 400;9003;BLANCO;1375,33;10/05/2024;PHOENIX;BODEGA  2  CANALES;activo
SM 47 - 1;0,39 X 400;9003;BLANCO;411;9/09/2024;;CANALES;destapado
SM 47 - 2;0,39 X 400;9003;BLANCO;1319;9/09/2024;;CANALES;destapado
SM 47 - 3;0,39 X 400;9003;BLANCO;1333;9/09/2024;;CANALES;sin existencias
SM 56 - 1;0,39 X 400;9003;BLANCO;1369,33;11/05/2024;PHOENIX;BODEGA  2  CANALES;activo
SM 56 - 2;0,39 X 400;9003;BLANCO;1369,33;11/05/2024;PHOENIX;BODEGA  2  CANALES;activo
SM 56 - 3;0,39 X 400;9003;BLANCO;1369,33;11/05/2024;PHOENIX;BODEGA  2  CANALES;activo
SM 63 - 1;0,39 X 400;9003;BLANCO;1311,33;11/05/2024;PHOENIX;BODEGA  2  CANALES;activo
SM 63 - 2;0,39 X 400;9003;BLANCO;1311,33;11/05/2024;PHOENIX;BODEGA  2  CANALES;activo
SM 63 - 3;0,39 X 400;9003;BLANCO;1311,33;11/05/2024;PHOENIX;BODEGA  2  CANALES;activo
SM 65 - 1;0,39 X 400;9003;BLANCO;1386,66;11/05/2024;PHOENIX;BODEGA  2  CANALES;activo
SM 65 - 2;0,39 X 400;9003;BLANCO;1386,66;11/05/2024;PHOENIX;BODEGA  2  CANALES;activo
SM 65 - 3;0,39 X 400;9003;BLANCO;1386,66;11/05/2024;PHOENIX;BODEGA  2  CANALES;activo
SM 68;0,33;9003;BLANCO;3892;14/05/2024;PHOENIX;VENTA  CENTRY  MARKET  09/06/2025;sin existencias
SM 74;0,33;9003;BLANCO;3814;14/05/2024;PHOENIX;ROLLO MANCHADO  MAQUILADO  TH  06/05/2025  PESO  INICIAL  (3814 KL);sin existencias
L 7;0,27;5005;AZUL;3970;15/07/2024;LEGE INDUSTRY;MAQUILADO  TH  30/09/2024  PESO  INICIAL  (3970KG);sin existencias
LJ 2 - 1;0,26  X  400;5005;AZUL;660;28/04/2025;;MAQUILADO  TH  03/06/2025;sin existencias
LJ 2 - 2;0,26  X  400;5005;AZUL;665;28/04/2025;;CABALLETES;sin existencias
LJ 2 - 3;0,26  X  400;5005;AZUL;657;28/04/2025;;CABALLETES;sin existencias
LJ 2 - 4;0,26  X  400;5005;AZUL;742;28/04/2025;;MAQUILADO  TH  03/06/2025;sin existencias
LJ 2 - 5;0,26  X  400;5005;AZUL;740;28/04/2025;;CABALLETES;sin existencias
LJ 4 - 2;0,59  X  400;9003;BLANCO;1322;28/04/2025;;CANALES;sin existencias
LJ 4 - 3;0,59  X  400;9003;BLANCO;1336;28/04/2025;;MAQUILADO  TH  ;sin existencias
LJ 10;0,26  X 1200;6001;VERDE;2300;;;CORTE  INTECA  12/03/2026;sin existencias
LJ 10 - 1;0,26  X  400;6001;VERDE;646;;;MAQUILADO  TH  29/07/2025;sin existencias
LJ 11;0,26  X 1200;6001;VERDE;4672;;;BODEGA 2  CABALLETES;activo
SL 30;0,26;5005;AZUL;61;;;MAQUILADO  TH  ROLLO  GOLPÉADO  ;destapado
TS 1;0,39  X  600;3001;ROJO;629;1/06/2024;;BODEGA  2  ROLLO  SOBRANTE  TEJA  SARAVENA  VERIFICAR  PESOS;activo
TS 2;0,39  X  600;3001;ROJO;428;1/06/2024;;BODEGA  2  ROLLO  SOBRANTE  TEJA  SARAVENA  VERIFICAR  PESOS;activo
JS 3;0,27;3001;ROJO;3184;8/01/2025;PHOENIX;VENTA  PANELCO  05/11/2025;sin existencias
JS 10;0,27;3001;ROJO;3450;9/01/2025;PHOENIX;VENTA  DISFERCO  14/06/2025;sin existencias
JS 12;0,27;3001;ROJO;3410;9/01/2025;PHOENIX;VENTA  CENTRY  MARKET  07/10/2025;sin existencias
JS 30;0,27;3001;ROJO;3354;20/01/2025;PHOENIX;VENTA  JORGE  ACOSTA  21/0/2025  ;sin existencias
JS 76;0,27;3001;ROJO;3192;25/01/2025;PHOENIX;VENTA Y  MAQUILADO  CRISTOBAL  ROMERO  08/07/2025;sin existencias
JS 85;0,27;3001;ROJO;3428;27/01/2025;PHOENIX;VENTA  DISFERCO  25/08/2025;sin existencias
JS 86;0,27;3001;ROJO;3390;27/01/2025;PHOENIX;VENTA  CENTRY  MARKET  14/10/2025;sin existencias
JS 89;0,27;5005;AZUL;3576;27/01/2025;PHOENIX;VENTA  JORGE  ACOSTA  21/10/2025;sin existencias
JS 90;0,27;3001;ROJO;3386;27/01/2025;PHOENIX;VENTA  CENTRY  MARKET  14/10/2025;sin existencias
JS 91;0,27;3001;ROJO;3436;27/01/2025;PHOENIX;VENTA  CENTRY  MARKET  14/10/2025;sin existencias
JS 92;0,27;5005;AZUL;3576;27/01/2025;PHOENIX;VENTA  PANELCO  05/11/2025;sin existencias
JS 93;0,27;5005;AZUL;3500;29/01/2025;PHOENIX;MAQUILADO  TH  04/10/2025  PESO  INICIAL  (3500);sin existencias
JS 107;0,27;3001;ROJO;3290;31/01/2025;PHOENIX;VENTA  PANELCO  06/11/2025;sin existencias
JS 116;0,27;5005;AZUL;3624;31/01/2025;PHOENIX;VENTA  CENTRY  MARKET  11/12/2025;sin existencias
JS 128;0,27;5005;AZUL;3414;1/02/2025;PHOENIX;MAQUILADO  TH  04/11/2025  PESO  INICIAL  (3414);sin existencias
JS 129;0,27;5005;AZUL;3414;1/02/2025;PHOENIX;VENTA  CENTRY  MARKET  27/11/2025  ;sin existencias
JS 130;0,27;5005;AZUL;3574;1/02/2025;PHOENIX;VENTA  PANELCO  06/11/2025;sin existencias
JS 140;0,27;5005;AZUL;3312;1/02/2025;PHOENIX;VENTA  NILSON  06/11/2025;sin existencias
JS 146;0,27;5005;AZUL;93;1/02/2025;PHOENIX;MAQUILADO  TH  18/11/2025  PESO  INICIAL  (3336);destapado
PH 5;0,33;9003;BLANCO;3470;17/02/2025;PHOENIX;MAQUILADO  TH  11/08/2025  PESO  INICIAL  (3470);sin existencias
PH 24;0,27;5005;AZUL;3240;20/02/2025;PHOENIX;MAQUILADO  TH  14/05/2025  PESO  INICIAL  (3240);sin existencias
PH 28;0,70  X  1200;9003;BLANCO;3734;20/02/2025;PHOENIX;MAQUILADO  HERMIS  01/07/2025;sin existencias
PH 37;0,27;5005;AZUL;3464;20/02/2025;PHOENIX;MAQUILADO  TH  09/08/2025  PESO  INICIAL  (3464);sin existencias
PH 55;0,27;5005;AZUL;4316;22/02/2025;PHOENIX;MAQUILADO  TH  20/08/2025  PESO  INICIAL  (4316);sin existencias
PH 59;0,33;9003;BLANCO;3634;22/02/2025;PHOENIX;MAQUILADO  TH  11/08/2025  PESO  INICIAL  (3634);sin existencias
PH 68;0,27;3001;ROJO;3354;22/02/2025;PHOENIX;VENTA  CONSTRUCCIONES Y S   12/11/2025;sin existencias
PH 73;0,27;3001;ROJO;3372;22/02/2025;PHOENIX;VENTA  PANELCO  30/10/2025;sin existencias
PH 79;0,33;9003;BLANCO;3508;22/02/2025;PHOENIX;MAQUILADO  TH  11/08/2025  PESO  INICIAL  (3508);sin existencias
PH 99;0,27;5005;AZUL;3396;24/02/2025;PHOENIX;VENTA  CENTRY  MARKET  17/12/2025;sin existencias
PH 100;0,27;3001;ROJO;3272;24/02/2025;PHOENIX;MAQUILADO  TH  23/10/2025  PESO  INICIAL  (3272);sin existencias
PH 101;0,27;3001;ROJO;3430;24/02/2025;PHOENIX;VENTA  LADY  18/10/2025;sin existencias
PH 102;0,27;5005;AZUL;3122;24/02/2025;PHOENIX;VENTA  CENTRY  MARKET  08/01/2026;sin existencias
PH 105;0,27;5005;AZUL;3242;24/02/2025;PHOENIX;VENTA  CENTRY  MARKET  20/12/2025;sin existencias
PH 109;0,27;5005;AZUL;3470;24/02/2025;PHOENIX;VENTA  LAMINAS  IMPERIAL  S.A.S   25/11/2025;sin existencias
PH 110;0,27;3001;ROJO;3152;24/02/2025;PHOENIX;VENTA  PANELCO  11/11/2025;sin existencias
PH 113;0,33;6001;VERDE;3488;24/02/2025;PHOENIX;MAQUILADO  TH  14/04/2025  PESO  INICIAL  (3488 KL);sin existencias
PH 115;0,27;3001;ROJO;3238;24/02/2025;PHOENIX;VENTA  PANELCO  30/10/2025;sin existencias
PH 121;0,27;3001;ROJO;3350;24/02/2025;PHOENIX;VENTA  PANELCO  30/10/2025;sin existencias
PH 142;0,27;5005;AZUL;3212;25/02/2025;PHOENIX;MAQUILADO  TH  13/06/2025  PESO  INICIAL  (3212);sin existencias
PH 155;0,27;3001;ROJO;3106;25/02/2025;PHOENIX;MAQUILADO  TH  04/11/2025  PESO  INICIAL  (3106);sin existencias
PH 157;0,27;5005;AZUL;3214;25/02/2025;PHOENIX;MAQUILADO  TH  12/09/2025  PESO  INICIAL  (3214);sin existencias
PH 159;0,33;5005;AZUL;3288;25/02/2025;PHOENIX;MAQUILADO  TH  09/04/2025  PESO  INICIAL  (3288 KL);sin existencias
PH 161;0,27;3001;ROJO;3012;25/02/2025;PHOENIX;MAQUILADO  TH  24/07/2025  PESO  INICIAL  (3012);sin existencias
PH 172;0,27;3001;ROJO;3158;17/03/2025;PHOENIX;MAQUILADO  TH  08/08/2025  PESO  INICIAL  (3158);sin existencias
PH 173;0,27;3001;ROJO;3252;17/03/2025;PHOENIX;MAQUILADO  TH  23/05/2025  PESO  INICIAL  (3252);sin existencias
TH 2/4;0,25;5005;AZUL;4211;21/04/2025;PHOENIX;MAQUILADO  TH  12/06/2025  PESO  INICIAL  (4098);sin existencias
TH 12/4;0,25;5005;AZUL;4217;21/04/2025;PHOENIX;MAQUILADO  TH  21/05/2025  PESO  INICIAL  (4217);sin existencias
TH 36/4;0,25;5005;AZUL;4233;21/04/2025;PHOENIX;MAQUILADO  TH  04/06/2025;sin existencias
TH 52/4;0,25;5005;AZUL;4311;21/04/2025;PHOENIX;VENTA  PICASSO  11/06/2025;sin existencias
CM 2;0,33;5005;AZUL;3979;8/05/2025;CENTRY  MARKET;MAQUILADO  TH  14/05/2025  PESO  INICIAL  (3979);sin existencias
CM 3;0,33;3001;ROJO;3865;8/05/2025;CENTRY  MARKET;MAQUILADO  TH  9/05/2025  PESO  INICIAL  (3865);sin existencias
DC 1;0,25;6001;VERDE;4546;3/06/2025;BROAD  ROAD ;VENTA  PANELCO  26/06/2025;sin existencias
DC 2;0,25;3001;ROJO;4486;3/06/2025;BROAD  ROAD ;VENTA  24/24  03/06/2025;sin existencias
DC 3;0,25;5005;AZUL;4442;3/06/2025;BROAD  ROAD ;VENTA  24/24  14/10/2025;sin existencias
DC 4;0,25;5005;AZUL;4448;3/06/2025;BROAD  ROAD ;MAQUILADO  TH  03/09/2025  PESO  INICIAL  (4448);sin existencias
DC 5;0,25;5005;AZUL;4488;3/06/2025;BROAD  ROAD ;VENTA  BC  04/10/2025;sin existencias
DC 6;0,25;9003;BLANCO;4422;3/06/2025;BROAD  ROAD ;VENTA  NOVALTECHOS  05/12/2025;sin existencias
DC 7;0,25;3001;ROJO;4436;3/06/2025;BROAD  ROAD ;VENTA  24/24  03/06/2025;sin existencias
DC 8;0,25;9003;BLANCO;4452;3/06/2025;BROAD  ROAD ;BODEGA  2;activo
DC 9;0,33;3001;ROJO;4412;3/06/2025;BROAD  ROAD ;VENTA  24/24  03/06/2025;sin existencias
DC 10;0,25;3001;ROJO;4362;3/06/2025;BROAD  ROAD ;VENTA  24/24  03/06/2025;sin existencias
DC 11;0,25;3001;ROJO;4426;3/06/2025;BROAD  ROAD ;VENTA  24/24  03/06/2025;sin existencias
DC 12;0,25;3001;ROJO;4392;3/06/2025;BROAD  ROAD ;VENTA  24/24  03/06/2025;sin existencias
DC 13;0,25;3001;ROJO;4392;3/06/2025;BROAD  ROAD ;VENTA  24/24  03/06/2025;sin existencias
DC 14;0,25;3001;ROJO;4554;3/06/2025;BROAD  ROAD ;MAQUILADO  TH  03/06/2025  PESO  INICIAL  (4554);sin existencias
DC 15;0,25;3001;ROJO;4430;3/06/2025;BROAD  ROAD ;VENTA  24/24  08/07/2025;sin existencias
DC 16;0,25;3001;ROJO;4510;3/06/2025;BROAD  ROAD ;VENTA  LADY  16/06/2025;sin existencias
DC 17;0,25;3001;ROJO;4460;3/06/2025;BROAD  ROAD ;VENTA  24/24  08/07/2025;sin existencias
DC 18;0,25;3001;ROJO;4380;3/06/2025;BROAD  ROAD ;VENTA  BAEZ  01/07/2025;sin existencias
DC 19;0,25;3001;ROJO;4534;3/06/2025;BROAD  ROAD ;DEVOLUCION  ARGEMIRO  09/07/2025;sin existencias
DC 20;0,25;3001;ROJO;4530;3/06/2025;BROAD  ROAD ;DEVOLUCION  ARGEMIRO  09/07/2025;sin existencias
DC 21;0,25;3001;ROJO;4450;3/06/2025;BROAD  ROAD ;VENTA  24/24  08/07/2025;sin existencias
DC 22;0,25;3001;ROJO;4510;3/06/2025;BROAD  ROAD ;VENTA  BC  17/07/2025;sin existencias
DC 23;0,25;3001;ROJO;4420;3/06/2025;BROAD  ROAD ;MAQUILADO  TH  19/06/2025  PESO  INICIAL  (4420);sin existencias
DC 24;0,25;3001;ROJO;4332;3/06/2025;BROAD  ROAD ;DEVOLUCION  PARA ARGEMIRO  26/06/2025;sin existencias
DC 25;0,25;5005;AZUL;4496;3/06/2025;BROAD  ROAD ;MAQUILADO  TH  23/10/2025  PESO  INICIAL  (4496) ;sin existencias
DC 26;0,25;5005;AZUL;4204;3/06/2025;BROAD  ROAD ;VENTA  BAEZ  27/06/2025;sin existencias
DC 27;0,25;5005;AZUL;4576;3/06/2025;BROAD  ROAD ;VENTA  BC  17/07/2025;sin existencias
DC 28;0,25;9003;BLANCO;4404;3/06/2025;BROAD  ROAD ;MAQUILADO  TH  04/06/2025  PESO  INICIAL  (4404);sin existencias
DC 29;0,25;5005;AZUL;4592;3/06/2025;BROAD  ROAD ;VENTA  24/24  08/07/2025;sin existencias
DC 30;0,39;6001;VERDE;4428;3/06/2025;BROAD  ROAD ;MAQUILADO  TH  08/08/2025  PESO  INICIAL  (4428);sin existencias
DC 31;0,25;5005;AZUL;4550;3/06/2025;BROAD  ROAD ;MAQUILADO  TH  17/10/2025  PESO  INICIAL  (4550);sin existencias
DC 32;0,25;5005;AZUL;4426;3/06/2025;BROAD  ROAD ;VENTA  24/24  14/10/2025;sin existencias
DC 33;0,25;5005;AZUL;4438;3/06/2025;BROAD  ROAD ;DEVOLUCION  ARGEMIRO  27/08/2025;sin existencias
DC 34;0,25;5005;AZUL;4492;3/06/2025;BROAD  ROAD ;MAQUILADO  TH  24/10/2025  PESO  INICIAL  (4492);sin existencias
DC 35;0,25;5005;AZUL;4596;3/06/2025;BROAD  ROAD ;VENTA  24/24  08/07/2025;sin existencias
DC 36;0,25;3001;ROJO;4528;3/06/2025;BROAD  ROAD ;DEVOLUCION  PARA ARGEMIRO  26/06/2025;sin existencias
DC 37;0,25;3001;ROJO;4480;5/06/2025;BROAD  ROAD ;VENTA  24/24  08/07/2025;sin existencias
DC 38;0,33;5005;AZUL;4440;5/06/2025;BROAD  ROAD ;VENTA  PERFILAM  06/06/2025;sin existencias
DC 39;0,33;3001;ROJO;4500;5/06/2025;BROAD  ROAD ;MAQUILADO  TH  06/06/2025  PESO  INICIAL (4500);sin existencias
DC 40;0,33;3001;ROJO;4514;5/06/2025;BROAD  ROAD ;VENTA  PERFILAM  06/06/2025;sin existencias
DC 41;0,39;6001;VERDE;4454;5/06/2025;BROAD  ROAD ;MAQUILADO  TH  18/07/2025  PESO  INICIAL  (4454);sin existencias
DC 42;0,25;3001;ROJO;3992;5/06/2025;BROAD  ROAD ;VENTA  BAEZ  27/06/2025;sin existencias
DC 43;0,39;6001;VERDE;4488;5/06/2025;BROAD  ROAD ;VENTA  ARTUNDUAGA  08/07/2025;sin existencias
DC 44;0,33;5005;AZUL;4398;5/06/2025;BROAD  ROAD ;VENTA  PERFILAM  11/06/2025;sin existencias
DC 45;0,33;5005;AZUL;4472;5/06/2025;BROAD  ROAD ;VENTA  BAEZ  09/06/2025;sin existencias
DC 46;0,33;5005;AZUL;4408;5/06/2025;BROAD  ROAD ;VENTA  FERRECANALES  06/06/2025;sin existencias
DC 47;0,39;6001;VERDE;4434;5/06/2025;BROAD  ROAD ;MAQUILADO  TH  06/06/2025  PESO  INICIAL (4434);sin existencias
DC 48;0,33;3001;ROJO;4430;5/06/2025;BROAD  ROAD ;VENTA  PERFILAM  06/06/2025;sin existencias
DC 49;0,25;5005;AZUL;4426;7/06/2025;BROAD  ROAD ;VENTA  24/24  14/10/2025;sin existencias
DC 50;0,25;6001;VERDE;4462;7/06/2025;BROAD  ROAD ;MAQUILADO  TH  11/06/2025  PESO  INICIAL  (4462);sin existencias
DC 51;0,25;5005;AZUL;4420;7/06/2025;BROAD  ROAD ;VENTA  BC  04/10/2025;sin existencias
DC 52;0,25;5005;AZUL;3600;7/06/2025;BROAD  ROAD ;VENTA  24/24  08/07/2025;sin existencias
DC 53;0,25;5005;AZUL;4444;7/06/2025;BROAD  ROAD ;VENTA  24/24  14/10/2025;sin existencias
DC 54;0,25;5005;AZUL;4488;7/06/2025;BROAD  ROAD ;MAQUILADO  TH  11/10/2025  PESO  INICIAL  (4488);sin existencias
DC 55;0,25;3001;ROJO;4420;7/06/2025;BROAD  ROAD ;VENTA  BC  27/09/2025;sin existencias
DC 56;0,25;5005;AZUL;4484;7/06/2025;BROAD  ROAD ;MAQUILADO  TH  11/10/2025  PESO  INICIAL  (4484);sin existencias
DC 57;0,25;5005;AZUL;4474;7/06/2025;BROAD  ROAD ;MAQUILADO  TH  21/10/2025  PESO  INICIAL  (4474);sin existencias
DC 58;0,25;5005;AZUL;4480;7/06/2025;BROAD  ROAD ;VENTA  24/24  14/10/2025;sin existencias
DC 59;0,25;9003;BLANCO;4734;7/06/2025;BROAD  ROAD ;MAQUILADO  TH  06/02/2026  PESO  INICIAL  (4734);sin existencias
DC 60;0,25;9003;BLANCO;4528;11/06/2025;BROAD  ROAD ;MAQUILADO  TH  08/08/2025  PESO  INICIAL  (4528);sin existencias
DC 61;0,25;3001;ROJO;4442;11/06/2025;BROAD  ROAD ;VENTA  BC  26/09/2025;sin existencias
DC 62;0,25;6001;VERDE;4414;11/06/2025;BROAD  ROAD ;MAQUILADO  TH  16/07/2025  PESO  INICIAL  (4414);sin existencias
DC 63;0,25;5005;AZUL;4458;11/06/2025;BROAD  ROAD ;VENTA  24/24  14/10/2025;sin existencias
DC 64;0,25;5005;AZUL;3624;11/06/2025;BROAD  ROAD ;VENTA  24/24  08/07/2025;sin existencias
DC 65;0,25;6001;VERDE;4330;11/06/2025;BROAD  ROAD ;MAQUILADO  TH  16/06/2025  PESO  INICIAL  (4330);sin existencias
DC 66;0,25;6001;VERDE;4526;11/06/2025;BROAD  ROAD ;VENTA  PANELCO  11/07/2025;sin existencias
PA 1;0,25;3001;ROJO;4386;5/06/2025;PHOENIX;VENTA  24/24  30/07/2025;sin existencias
PA 2;0,25;3001;ROJO;4732;5/06/2025;PHOENIX;VENTA  BC  13/06/2025;sin existencias
PA 3;0,25;3001;ROJO;4370;5/06/2025;PHOENIX;VENTA  24/24  30/07/2025;sin existencias
PA 4;0,25;3001;ROJO;4438;5/06/2025;PHOENIX;VENTA  24/24  30/07/2025;sin existencias
PA 5;0,25;3001;ROJO;4472;5/06/2025;PHOENIX;VENTA  24/24  30/07/2025;sin existencias
PA 6;0,25;3001;ROJO;4424;5/06/2025;PHOENIX;VENTA  BC  12/06/2025;sin existencias
PA 7;0,25;3001;ROJO;4358;5/06/2025;PHOENIX;VENTA  24/24  16/06/2025;sin existencias
PA 8;0,25;3001;ROJO;4360;5/06/2025;PHOENIX;VENTA  24/24  16/06/2025;sin existencias
PA 9;0,25;3001;ROJO;4348;5/06/2025;PHOENIX;VENTA  24/24  16/06/2025;sin existencias
PA 10;0,25;3001;ROJO;4364;5/06/2025;PHOENIX;MAQUILADO  TH  04/07/2025;sin existencias
PA 11;0,25;3001;ROJO;4380;5/06/2025;PHOENIX;MAQUILADO  TH  05/09/2025  PESO  INICIAL  (4380);sin existencias
PA 12;0,25;3001;ROJO;4302;5/06/2025;PHOENIX;CORTE  INTECA  CABALLETES;sin existencias
PA 13;0,25;3001;ROJO;4828;5/06/2025;PHOENIX;DEVOLUCION  PARA ARGEMIRO  06/06/2025;sin existencias
PA 14;0,25;3001;ROJO;4864;5/06/2025;PHOENIX;VENTA  BC  06/06/2025;sin existencias
PA 15;0,25;3001;ROJO;4372;5/06/2025;PHOENIX;VENTA  24/24  30/07/2025;sin existencias
PA 16;0,25;3001;ROJO;4364;5/06/2025;PHOENIX;MAQUILADO  TH  24/06/2025  PESO  INICIAL  (4364);sin existencias
PA 17;0,25;3001;ROJO;4404;5/06/2025;PHOENIX;VENTA  PICASSO  11/06/2025;sin existencias
PA 18;0,25;3001;ROJO;4374;5/06/2025;PHOENIX;MAQUILADO  TH  24/06/2025  PESO  INICIAL  (25/06/2025);sin existencias
PA 19;0,33;3001;ROJO;4008;5/06/2025;PHOENIX;VENTA  FERRECANALES   06/06/2025;sin existencias
PA 20;0,25;3001;ROJO;4846;5/06/2025;PHOENIX;VENTA  PICASSO  21/06/2025;sin existencias
PA 21;0,25;3001;ROJO;4400;5/06/2025;PHOENIX;MAQUILADO  TH  PESO  INICIAL  (4400);sin existencias
PA 22;0,25;3001;ROJO;4372;5/06/2025;PHOENIX;MAQUILADO  TH  14/07/2025  PESO  INICIAL  (4372);sin existencias
PA 23;0,25;3001;ROJO;4776;5/06/2025;PHOENIX;VENTA  PICASSO  11/06/2025;sin existencias
PA 24;0,25;3001;ROJO;4398;5/06/2025;PHOENIX;MAQUILADO  TH  03/09/2025  PESO  INICIAL  (4398);sin existencias
PA 25;0,33;5005;AZUL;3558;6/06/2025;PHOENIX;MAQUILADO  TH  10/07/2025  PESO  INICIAL  (3558);sin existencias
PA 26;0,39;5005;AZUL;4020;6/06/2025;PHOENIX;VENTA  PERFILAM  11/06/2025;sin existencias
PA 27;0,33;3001;ROJO;4044;6/06/2025;PHOENIX;VENTA  PERFILAM  11/06/2025;sin existencias
PA 28;0,39;3001;ROJO;4002;6/06/2025;PHOENIX;VENTA  FERRECANALES  06/06/2025;sin existencias
PA 29;0,33;5005;AZUL;3566;6/06/2025;PHOENIX;VENTA  PANELCO  20/06/2025;sin existencias
PA 30;0,39;5005;AZUL;4092;6/06/2025;PHOENIX;VENTA  FERRECANALES  06/06/2025;sin existencias
PA 31;0,33;3001;ROJO;4098;6/06/2025;PHOENIX;MAQUILADO  TH  12/06/2025  PESO  INICIAL  (4098);sin existencias
PA 32;0,33;3001;ROJO;4008;6/06/2025;PHOENIX;MAQUILADO  TH  04/07/2025  PESO  INICIAL  (4008);sin existencias
PA 33;0,39;3001;ROJO;4052;6/06/2025;PHOENIX;MAQUILADO  TH  28/06/2025;sin existencias
PA 34;0,33;5005;AZUL;4252;6/06/2025;PHOENIX;MAQUILADO  TH  09/06/2025  PESO  INICIAL  (4252);sin existencias
PA 35;0,39;3001;ROJO;4320;6/06/2025;PHOENIX;MAQUILADO  TH  09/06/2025  PESO  INICIAL  (4320);sin existencias
PA 36;0,25;5005;AZUL;4370;7/06/2025;PHOENIX;VENTA  NOVALTECHOS  18/10/2025;sin existencias
PA 37;0,25;3001;ROJO;4870;7/06/2025;PHOENIX;VENTA  BC  13/06/2025;sin existencias
PA 38;0,25;5005;AZUL;4884;7/06/2025;PHOENIX;VENTA  BC  14/06/2025;sin existencias
PA 39;0,25;5005;AZUL;4470;7/06/2025;PHOENIX;VENTA  NOVALTECHOS  20/10/2025;sin existencias
PA 40;0,70  X  1200;9003;BLANCO;3778;7/06/2025;PHOENIX;MAQUILADO  HERMIS  03/12/2025;sin existencias
PA 41;0,25;5005;AZUL;4278;7/06/2025;PHOENIX;MAQUILADO  TH  15/08/2025  PESO  INICIAL  (4278);sin existencias
PA 42;0,70  X  1200;9003;BLANCO;3896;7/06/2025;PHOENIX;VENTA  CRISTOBAL  ROMERO  09/07/2025;sin existencias
PA 43;0,70  X  1200;9003;BLANCO;3910;7/06/2025;PHOENIX;MAQUILADO  HERMIS  09/08/2025;sin existencias
PA 44;0,25;5005;AZUL;4218;7/06/2025;PHOENIX;VENTA  24/24  16/06/2025;sin existencias
PA 45;0,25;5005;AZUL;4354;7/06/2025;PHOENIX;MAQUILADO  TH  29/07/2025  PESO  INICIAL  (4354);sin existencias
PA 46;0,25;5005;AZUL;4266;7/06/2025;PHOENIX;MAQUILADO  TH  16/07/2025  PESO  INICIAL  (4266);sin existencias
PA 47;0,39;5005;AZUL;4370;7/06/2025;PHOENIX;VENTA  FERRECANALES  10/06/2025;sin existencias
PA 48;0,25;5005;AZUL;4430;7/06/2025;PHOENIX;MAQUILADO  TH  07/07/2025;sin existencias
PA 49;0,25;5005;AZUL;4784;7/06/2025;PHOENIX;MAQUILADO  TH  PESO  INICIAL  (4784);sin existencias
PA 50;0,25;5005;AZUL;4294;7/06/2025;PHOENIX;VENTA  24/24  16/06/2025;sin existencias
PA 51;0,25;5005;AZUL;4876;7/06/2025;PHOENIX;MAQUILADO  TH  25/08/2025  PESO  INICIAL  (4876);sin existencias
PA 52;0,25;5005;AZUL;4858;7/06/2025;PHOENIX;MAQUILADO  TH  24/06/2025  PESO  INICIAL  (4858);sin existencias
PA 53;0,25;5005;AZUL;4250;7/06/2025;PHOENIX;MAQUILADO  TH  04/07/2025;sin existencias
PA 54;0,25;5005;AZUL;4248;7/06/2025;PHOENIX;VENTA  24/24  16/06/2025;sin existencias
PA 55;0,25;5005;AZUL;4294;7/06/2025;PHOENIX;MAQUILADO  TH  21/06/2025;sin existencias
PA 56;0,25;5005;AZUL;4446;7/06/2025;PHOENIX;VENTA  NOVALTECHO  25/10/2025  ;sin existencias
PA 57;0,25;5005;AZUL;4360;7/06/2025;PHOENIX;VENTA  24/24  16/06/2025;sin existencias
PA 58;0,25;5005;AZUL;4342;7/06/2025;PHOENIX;VENTA  NOVALTECHOS  18/10/2025;sin existencias
PA 59;0,25;5005;AZUL;4394;7/06/2025;PHOENIX;VENTA  NOVALTECHOS  18/10/2025;sin existencias
PA 60;0,25;3001;ROJO;4432;7/06/2025;PHOENIX;VENTA  BC  24/07/2025;sin existencias
PA 61;0,33;5005;AZUL;3558;7/06/2025;PHOENIX;VENTA  24/24  16/06/2025;sin existencias
PA 62;0,33;5005;AZUL;3568;7/06/2025;PHOENIX;VENTA  DISFERCO  14/06/2025;sin existencias
PA 63;0,33;5005;AZUL;3554;7/06/2025;PHOENIX;MAQUILADO  TH  25/06/2025  PESO  INICIAL  (3554);sin existencias
PA 64;0,39;5005;AZUL;4270;7/06/2025;PHOENIX;MAQUILADO  TH  09/06/2025  PESO  INICIAL  (4270);sin existencias
PA 65;0,39;5005;AZUL;3910;7/06/2025;PHOENIX;MAQUILADO  TH  24/06/2025  PESO  INICIAL  (3910);sin existencias
PA 66;0,39;3001;ROJO;4272;7/06/2025;PHOENIX;VENTA  FERRECANALES  10/06/2025;sin existencias
PA 67;0,39;3001;ROJO;4186;7/06/2025;PHOENIX;DEVOLUCION  PARA ARGEMIRO  26/06/2025;sin existencias
PA 68;0,25;3001;ROJO;4376;7/06/2025;PHOENIX;VENTA  BC  24/07/2025;sin existencias
PA 69;0,33;5005;AZUL;3584;7/06/2025;PHOENIX;VENTA  BC  26/06/2025;sin existencias
PA 70;0,33;3001;ROJO;4042;7/06/2025;PHOENIX;MAQUILADO  TH  10/06/2025;sin existencias
PA 71;0,33;5005;AZUL;4402;7/06/2025;PHOENIX;MAQUILADO  TH  20/06/2025;sin existencias
PA 72;0,27;3001;ROJO;4072;7/06/2025;PHOENIX;VENTA  CENTRY  MARKET  09/09/2025;sin existencias
PA 73;0,27;5005;AZUL;4188;7/06/2025;PHOENIX;VENTA  ALFA  Y  OMEGA  04/10/2025;sin existencias
PA 74;0,25;5005;AZUL;4320;7/06/2025;PHOENIX;VENTA  NOVALTECHOS  18/10/2025;sin existencias
PA 75;0,27;3001;ROJO;4084;7/06/2025;PHOENIX;VENTA  CENTRY  MARKET  06/09/2025;sin existencias
PA 76;0,27;5005;AZUL;4118;7/06/2025;PHOENIX;CAMBIO  ELMER  11/11/2025;sin existencias
PA 77;0,27;3001;ROJO;4572;7/06/2025;PHOENIX;VENTA  CENTRY  MARKET  02/09/2025;sin existencias
PA 78;0,27;5005;AZUL;4226;7/06/2025;PHOENIX;VENTA  CENTRY  MARKET  09/09/2025;sin existencias
PA 79;0,27;5005;AZUL;4122;7/06/2025;PHOENIX;VENTA  CENTRY  MARKET  26/11/2025;sin existencias
PA 80;0,27;3001;ROJO;4574;7/06/2025;PHOENIX;VENTA  CENTRY  MARKET  02/09/2025;sin existencias
PA 81;0,27;5005;AZUL;4200;7/06/2025;PHOENIX;VENTA  JORGE ACOSTA  11/08/2025;sin existencias
PA 82;0,27;3001;ROJO;4608;7/06/2025;PHOENIX;VENTA  BC  16/07/2025;sin existencias
PA 83;0,27;5005;AZUL;4130;7/06/2025;PHOENIX;VENTA  CENTRY  MARKET  07/10/2025;sin existencias
PA 84;0,33;3001;ROJO;4108;3/06/2025;PHOENIX;VENTA  JORGE  ACOSTA  06/06/2025  SALE  DIRECTO  AL  CLIENTE  EN  PITALITO;sin existencias
PA 85;0,33;3001;ROJO;4240;3/06/2025;PHOENIX;VENTA  JORGE  ACOSTA  06/06/2025  SALE  DIRECTO  AL  CLIENTE  EN  PITALITO;sin existencias
PA 86;0,70  X  1200;9003;BLANCO;4062;3/06/2025;PHOENIX;VENTA  JORGE  ACOSTA  06/06/2025  SALE  DIRECTO  AL  CLIENTE  EN  PITALITO;sin existencias
PA 87;0,70  X  1200;9003;BLANCO;4042;3/06/2025;PHOENIX;VENTA  JORGE  ACOSTA  06/06/2025  SALE  DIRECTO  AL  CLIENTE  EN  PITALITO;sin existencias
PA 88;0,70  X  1200;9003;BLANCO;3914;3/06/2025;PHOENIX;VENTA  JORGE  ACOSTA  06/06/2025  SALE  DIRECTO  AL  CLIENTE  EN  PITALITO;sin existencias
PA 89;0,70  X  1200;9003;BLANCO;4134;3/06/2025;PHOENIX;VENTA  JORGE  ACOSTA  06/06/2025  SALE  DIRECTO  AL  CLIENTE  EN  PITALITO;sin existencias
PA 90;0,25;5005;AZUL;4328;10/06/2025;PHOENIX;VENTA  NOVALTECHOS  18/10/2025;sin existencias
PA 91;0,25;5005;AZUL;4768;10/06/2025;PHOENIX;VENTA  NOVALTECHOS  20/10/2025;sin existencias
PA 92;0,27;3001;ROJO;4228;10/06/2025;PHOENIX;VENTA  CENTRY  MARKET  03/09/2025;sin existencias
PA 93;0,27;3001;ROJO;4222;10/06/2025;PHOENIX;VENTA  CENTRY  MARKET  04/09/2025;sin existencias
PA 94;0,25;5005;AZUL;4256;10/06/2025;PHOENIX;VENTA  NOVALTECHOS  18/10/2025;sin existencias
PA 95;0,25;5005;AZUL;4338;10/06/2025;PHOENIX;VENTA  NOVALTECHOS  18/10/2025;sin existencias
PA 96;0,25;5005;AZUL;3648;10/06/2025;PHOENIX;VENTA  NOVALTECHOS  18/10/2025;sin existencias
PA 97;0,27;5005;AZUL;4110;10/06/2025;PHOENIX;CAMBIO  ELMER  11/11/2025;sin existencias
PA 98;0,27;5005;AZUL;4138;10/06/2025;PHOENIX;VENTA  DISFERCO  28/08/2025;sin existencias
PA 99;0,25;5005;AZUL;3636;10/06/2025;PHOENIX;VENTA  24/24  14/10/2025;sin existencias
PA 100;0,25;5005;AZUL;4314;10/06/2025;PHOENIX;ENVIO  HERMIS  MAQIILADO  ROLLO  APLASTADO  16/06/2025;sin existencias
CM 1;0,34;5017;AZUL;3986;8/07/2025;;MAQUILADO  TH  18/07/2025  PESO  INICIAL  (3986);sin existencias
CM 2;0,34;3001;ROJO;4046;8/07/2025;;VENTA  JORGE  ACOSTA  09/07/2025;sin existencias
CM 3;0,34;5017;AZUL;4014;8/07/2025;;VENTA  DOBLADORA  Y  CORTADORA  LASER  JC  24/04/2025;sin existencias
CM 4;0,34;3001;ROJO;3994;8/07/2025;;VENTA  ARTUNDUAGA  08/07/2025;sin existencias
CM 5;0,34;5017;AZUL;4022;8/07/2025;;VENTA  LADY  23/07/2025;sin existencias
CM 6;0,34;5017;AZUL;4036;8/07/2025;;VENTA  PANELCO  08/07/2025;sin existencias
CM 7;0,34;3001;ROJO;4006;8/07/2025;;VENTA  CENTRY  MARKET  08/07/2025;sin existencias
CM 8;0,34;3001;ROJO;4044;8/07/2025;;VENTA  CENTRY  MARKET  08/07/2025;sin existencias
CM 9;0,34;5017;AZUL;3974;11/07/2025;;VENTA  24/24  30/07/2025;sin existencias
CM 10;0,34;5017;AZUL;4012;11/07/2025;;VENTA  LADY  23/07/2025;sin existencias
CM 11;0,34;5017;AZUL;3930;11/07/2025;;VENTA  24/24  30/07/2025;sin existencias
CM 12;0,34;5017;AZUL;3992;11/07/2025;;MAQUILADO  TH  29/07/2025  PESO  INICIAL  (3992);sin existencias
CM 13;0,34;3001;ROJO;4044;11/07/2025;;VENTA  CENTRY  MARKET  12/07/2025;sin existencias
CM 14;0,34;3001;ROJO;3992;11/07/2025;;VENTA  FERRECANALES  14/07/2025;sin existencias
A 1;0,25;3001;ROJO;4573;2/08/2025;PHOENIX;MAQUILADO  TH  03/09/2025  PESO  INICIAL  (4573);sin existencias
A 2;0,25  400 X 3;5005;AZUL;4087;2/08/2025;PHOENIX;MAQUILADO  TH  11/08/2025  PESO  INICIAL  (4087);sin existencias
A 3;0,25;5005;AZUL;4131;2/08/2025;PHOENIX;MAQUILADO  TH  21/11/2025  PESO  INICIAL  (4131);sin existencias
A 4;0,25;5005;AZUL;4205;2/08/2025;PHOENIX;VENTA  NOVALTECHOS  06/11/2025;sin existencias
A 5;0,39;5005;AZUL;3949;2/08/2025;PHOENIX;VENTA  NOVALTECHOS  12/08/2025;sin existencias
A 6;0,39;5005;AZUL;3933;2/08/2025;PHOENIX;VENTA  NOVALTECHOS  21/08/2025;sin existencias
A 7;0,39;5005;AZUL;3847;2/08/2025;PHOENIX;MAQUILADO  TH  22/08/2025  PESO  INICIAL  (3847);sin existencias
A 8;0,33;5005;AZUL;4573;2/08/2025;PHOENIX;MAQUILADO  TH  20/08/2025  PESO  INICIAL  (4573);sin existencias
A 9;0,33;3001;ROJO;4427;2/08/2025;PHOENIX;MAQUILADO  TH  11/0/2025  PESO  INICIAL  (4427);sin existencias
A 10;0,39;5005;AZUL;3849;2/08/2025;PHOENIX;MAQUILADO  TH  13/08/2025  PESO  INICIAL  (3849);sin existencias
A 11;0,33;5005;AZUL;4503;2/08/2025;PHOENIX;MAQUILADO  TH  08/08/2025  PESO  INICIAL  (4503);sin existencias
A 12;0,33;5005;AZUL;4569;2/08/2025;PHOENIX;VENTA  FERRECANALES  05/08/2025;sin existencias
A 13;0,33;3001;ROJO;4555;2/08/2025;PHOENIX;VENTA  FERRECANALES  05/08/2025;sin existencias
A 14;0,39;3001;ROJO;4131;2/08/2025;PHOENIX;MAQUILADO  TH  16/0/2025  PESO  INICIAL  (4131);sin existencias
A 15;0,33;3001;ROJO;4323;2/08/2025;PHOENIX;VENTA   JORGE  ACOSTA  04/08/2025;sin existencias
A 16;0,39;3001;ROJO;4137;2/08/2025;PHOENIX;VENTA  FERRECANALES  05/08/2025;sin existencias
A 17;0,33;3001;ROJO;4243;2/08/2025;PHOENIX;MAQUILADO  TH  04/08/2025  PESO  INICIAL  (4243);sin existencias
A 18;0,33;3001;ROJO;4559;2/08/2025;PHOENIX;VENTA  CENTRY  MARCKET  20/08/2025;sin existencias
A 19;0,39;3001;ROJO;4137;2/08/2025;PHOENIX;MAQUILADO  TH  04/08/2025  PESO  INICIAL  (4137);sin existencias
A 20;0,39;5005;AZUL;3913;2/08/2025;PHOENIX;MAQUILADO  TH  05/08/2025  PESO  INICIAL  (3913);sin existencias
A 21;0,39;3001;ROJO;3939;2/08/2025;PHOENIX;MAQUILADO  TH  14/08/2025  PESO  INICIAL  (3939);sin existencias
A 22;0,39;3001;ROJO;3947;2/08/2025;PHOENIX;VENTA  DISFERCO  25/08/2025;sin existencias
A 23;0,33;5005;AZUL;4599;2/08/2025;PHOENIX;MAQUILADO  TH  25/08/2025  PESO  INICIAL  (4599);sin existencias
A 24;0,25;5005;AZUL;4189;8/08/2025;PHOENIX;VENTA  NOVALTECHOS  20/10/2025;sin existencias
A 25 - 1;0,25 X 400;3001;ROJO;1369;8/08/2025;PHOENIX;BODEGA  2  CABALLETES  ROLLO  APLASTADO;activo
A 25 - 2;0,25 X 400;3001;ROJO;1369;8/08/2025;PHOENIX;BODEGA  2  CABALLETES  ROLLO  APLASTADO;activo
A 25 - 3;0,25 X 400;3001;ROJO;1369;8/08/2025;PHOENIX;BODEGA  2  CABALLETES  ROLLO  APLASTADO;activo
A 26;0,25;3001;ROJO;4137;8/08/2025;PHOENIX;MAQUILADO  TH  26/08/2025  PESO  INICIAL  (4137);sin existencias
A 27;0,25;3001;ROJO;4099;8/08/2025;PHOENIX;MAQUILADO  TH  PESO  INICIAL  (4099);sin existencias
A 28;0,25  400 X 3;3001;ROJO;4109;8/08/2025;PHOENIX;MAQUILADO  TH  11/08/2025  PESO  INICIAL  (4109);sin existencias
A 29;0,39;5005;AZUL;3943;8/08/2025;PHOENIX;VENTA  NOVALTECHOS  13/08/2025;sin existencias
A 30;0,25;5005;AZUL;4083;8/08/2025;PHOENIX;MAQUILADO  TH  12/11/2025  PESO  INICIAL  (4083);sin existencias
A 31;0,25;5005;AZUL;4087;8/08/2025;PHOENIX;MAQUILADO  TH  21/11/2025  PESO  INICIAL  (4087);sin existencias
A 32;0,25;5005;AZUL;4113;8/08/2025;PHOENIX;VENTA  NOVALTECHOS  20/10/2025;sin existencias
A 33;0,25  400 X 3;3001;ROJO;4153;8/08/2025;PHOENIX;MAQUILADO  TH  28/10/2025   PESO  INICIAL  (4153);sin existencias
A 34;0,25  400 X 3;3001;ROJO;4131;8/08/2025;PHOENIX;MAQUILADOI  TH  11/12/2025  PESO  INICIAL  (4131);sin existencias
A 34 - 1;0,25 X 400;3001;ROJO;1363;8/08/2025;PHOENIX;;sin existencias
A 35;0,25;3001;ROJO;3997;8/08/2025;PHOENIX;VENTA  BAEZ  29/08/2025;sin existencias
A 36;0,25;3001;ROJO;4573;19/08/2025;PHOENIX;MAQUILADO  TH  28/08/2025  PESO  INICIAL  (4573);sin existencias
A 37;0,25;3001;ROJO;4083;19/08/2025;PHOENIX;MAQUILADO  TH  25/08/2025  PESO  INICIAL  (4083);sin existencias
A 38 - 1;0,25 X 400;5005;AZUL;1375;19/08/2025;PHOENIX;BODEGA  2  CABALLETES;activo
A 38 - 2;0,25 X 400;5005;AZUL;1375;19/08/2025;PHOENIX;BODEGA  2  CABALLETES;activo
A 38 - 3;0,25 X 400;5005;AZUL;1375;19/08/2025;PHOENIX;BODEGA  2  CABALLETES;activo
A 39;0,25  400 X 3;5005;AZUL;4115;19/08/2025;PHOENIX;MAQUILADO  TH  28/10/2025  PESO  INICIAL  (4115);sin existencias
A 39 - 1;0,25 X 400;5005;AZUL;1367;19/08/2025;PHOENIX;;sin existencias
A 40;0,25;5005;AZUL;4051;19/08/2025;PHOENIX;MAQUILADO  TH  19/11/2025  PESO  INICIAL  (4051);sin existencias
A 41 - 1;0,25 X 400;5005;AZUL;1367,66;19/08/2025;PHOENIX;BODEGA  2  CABALLETES;activo
A 41 - 2;0,25 X 400;5005;AZUL;1367,66;19/08/2025;PHOENIX;BODEGA  2  CABALLETES;activo
A 41 - 3;0,25 X 400;5005;AZUL;1367,66;19/08/2025;PHOENIX;BODEGA  2  CABALLETES;activo
A 42;0,25;3001;ROJO;4433;19/08/2025;PHOENIX;MAQUILADO  TH  20/08/2025;sin existencias
A 43;0,70  X  1200;9003;BLANCO;4117;19/08/2025;PHOENIX;MAQUILADO  HERMIS  17/10/2025;sin existencias
A 44;0,70  X  1200;9003;BLANCO;4103;19/08/2025;PHOENIX;MAQUILADO  HERMIS  20/01/2026;sin existencias
A 45;0,70  X  1200;9003;BLANCO;4045;19/08/2025;PHOENIX;MAQUILADO  HERMIS  30/10/2025;sin existencias
A 46;0,70  X  1200;9003;BLANCO;4033;19/08/2025;PHOENIX;MAQUILADO  HERMIS  19/11/2025;sin existencias
A 47;0,70  X  1200;9003;BLANCO;3937;19/08/2025;PHOENIX;MAQUILADO  HERMIS  26/09/2025;sin existencias
A 48;0,69 X 1200;9003;BLANCO;4129;19/08/2025;PHOENIX;MAQUILADO  TH  20/08/2025;sin existencias
A 49 - 1;0,69 X 400;9003;BLANCO;1371,66;21/08/2025;PHOENIX;BODEGA  2  CANALES;activo
A 49 - 2;0,69 X 400;9003;BLANCO;1371,66;21/08/2025;PHOENIX;BODEGA  2  CANALES;activo
A 49 - 3;0,69 X 400;9003;BLANCO;1371,66;21/08/2025;PHOENIX;BODEGA  2  CANALES;activo
A 50 - 1;0,69 X 400;9003;BLANCO;1326,33;21/08/2025;PHOENIX;BODEGA  2  CANALES;activo
A 50 - 2;0,69 X 400;9003;BLANCO;1326,33;21/08/2025;PHOENIX;BODEGA  2  CANALES;activo
A 50 - 3;0,69 X 400;9003;BLANCO;1326,33;21/08/2025;PHOENIX;BODEGA  2  CANALES;activo
A 51;0,69 X 1200;9003;BLANCO;3985;21/08/2025;PHOENIX;MAQUILADO  TH  22/10/2025  PESO  INICIAL  (3985);sin existencias
A 52;0,69 X 1200  400  X  3;9003;BLANCO;4085;21/08/2025;PHOENIX;MAQUILADO  TH  17/12/2025  PESO  INICIAL  (4085);sin existencias
A 52 - 1;0,69 X 400;9003;BLANCO;1359;21/08/2025;PHOENIX;;sin existencias
A 52 - 2;0,69 X 400;9003;BLANCO;1326;21/08/2025;PHOENIX;;sin existencias
A 53;0,25;5005;AZUL;4109;19/08/2025;PHOENIX;VENTA  24/24  19/08/2025  RECOGEN EN  BUENAVENTURA;sin existencias
A 54;0,25;5005;AZUL;4175;19/08/2025;PHOENIX;VENTA  24/24  19/08/2025  RECOGEN EN  BUENAVENTURA;sin existencias
A 55;0,25;5005;AZUL;4131;19/08/2025;PHOENIX;VENTA  24/24  19/08/2025  RECOGEN EN  BUENAVENTURA;sin existencias
A 56;0,25;5005;AZUL;4105;19/08/2025;PHOENIX;VENTA  24/24  19/08/2025  RECOGEN EN  BUENAVENTURA;sin existencias
A 57;0,25;5005;AZUL;4155;19/08/2025;PHOENIX;VENTA  24/24  19/08/2025  RECOGEN EN  BUENAVENTURA;sin existencias
A 58;0,25;5005;AZUL;4195;19/08/2025;PHOENIX;VENTA  24/24  19/08/2025  RECOGEN EN  BUENAVENTURA;sin existencias
A 59;0,25;5005;AZUL;4139;19/08/2025;PHOENIX;VENTA  24/24  19/08/2025  RECOGEN EN  BUENAVENTURA;sin existencias
A 60;0,25;5005;AZUL;4095;19/08/2025;PHOENIX;VENTA  24/24  19/08/2025  RECOGEN EN  BUENAVENTURA;sin existencias
A 61;0,25;3001;ROJO;4473;19/08/2025;PHOENIX;VENTA  24/24  19/08/2025  RECOGEN EN  BUENAVENTURA;sin existencias
A 62;0,25;3001;ROJO;4421;19/08/2025;PHOENIX;VENTA  24/24  19/08/2025  RECOGEN EN  BUENAVENTURA;sin existencias
A 63;0,25;3001;ROJO;4183;19/08/2025;PHOENIX;VENTA  24/24  19/08/2025  RECOGEN EN  BUENAVENTURA;sin existencias
A 64;0,25;3001;ROJO;4145;19/08/2025;PHOENIX;VENTA  24/24  19/08/2025  RECOGEN EN  BUENAVENTURA;sin existencias
A 65;0,25;3001;ROJO;4067;19/08/2025;PHOENIX;VENTA  24/24  19/08/2025  RECOGEN EN  BUENAVENTURA;sin existencias
A 66;0,25;3001;ROJO;3965;19/08/2025;PHOENIX;VENTA  24/24  19/08/2025  RECOGEN EN  BUENAVENTURA;sin existencias
A 67;0,25;3001;ROJO;4137;19/08/2025;PHOENIX;VENTA  24/24  19/08/2025  RECOGEN EN  BUENAVENTURA;sin existencias
A 68;0,25;3001;ROJO;4155;19/08/2025;PHOENIX;VENTA  24/24  19/08/2025  RECOGEN EN  BUENAVENTURA;sin existencias
AP 1;0,39;3001;ROJO;3870;12/08/2025;ARGEMIRO  GALEANO;VENTA  DISFERCO  13/08/2025;sin existencias
AP 2;0,39;3001;ROJO;3874;12/08/2025;ARGEMIRO  GALEANO;VENTA  NOVALTECHOS  12/08/2025;sin existencias
AP 3;0,33;3001;ROJO;3908;13/08/2025;ARGEMIRO  GALEANO;VENTA  DISFERCO  13/08/2025;sin existencias
AP 4;0,33;8004;TERRACOTA TEXTURIZADO;3826;13/08/2025;ARGEMIRO  GALEANO;MAQUILADO  TH  16/08/2025  PESO  INICIAL  (3826);sin existencias
AP 5;0,39;5005;AZUL;3524;19/08/2025;ARGEMIRO  GALEANO;VENTA  FERRECANALES  20/08/2025;sin existencias
AP 6;0,39;3001;ROJO;3680;21/08/2025;ARGEMIRO  GALEANO;DEVOLUCION  ARGEMIRO  25/08/2025;sin existencias
AP 7;0,39;5005;AZUL;3526;21/08/2025;ARGEMIRO  GALEANO;VENTA  FERRECANALES  22/08/2025;sin existencias
AP 8;0,33;5005;AZUL;3460;21/08/2025;ARGEMIRO  GALEANO;VENTA  PICASSO  27/08/2025;sin existencias
AP 9;0,39;5005;AZUL;3514;21/08/2025;ARGEMIRO  GALEANO;DEVOLUCION  ARGEMIRO  25/08/2025;sin existencias
AP 10;0,33;5005;AZUL;3464;21/08/2025;ARGEMIRO  GALEANO;VENTA  PICASSO  27/08/2025;sin existencias
AP 11;0,39;3001;ROJO;3704;21/08/2025;ARGEMIRO  GALEANO;DEVOLUCION  ARGEMIRO  25/08/2025;sin existencias
AP 12;0,39;3001;ROJO;3708;21/08/2025;ARGEMIRO  GALEANO;DEVOLUCION  ARGEMIRO  25/08/2025;sin existencias
AP 13;0,39;3001;ROJO;3588;21/08/2025;ARGEMIRO  GALEANO;DEVOLUCION  ARGEMIRO  25/08/2025;sin existencias
AP 14;0,39;3001;ROJO;3536;21/08/2025;ARGEMIRO  GALEANO;DEVOLUCION  ARGEMIRO  25/08/2025;sin existencias
AP 15;0,33;5005;AZUL;3486;21/08/2025;ARGEMIRO  GALEANO;VENTA  PICASSO  27/08/2025;sin existencias
AP 16;0,33;3001;ROJO;3908;21/08/2025;ARGEMIRO  GALEANO;CENTRY  MARKET  21/08/2025;sin existencias
AP 17;0,33;3001;ROJO;3818;23/08/2025;ARGEMIRO  GALEANO;MAQUILADO  TH  23/08/2025  PESO  INICIAL  (3818);sin existencias
AP 18;0,33;5005;AZUL;3444;23/08/2025;ARGEMIRO  GALEANO;VENTA  PICASSO  27/08/2025;sin existencias
AP 19;0,33;8004;TERRACOTA TEXTURIZADO;3896;27/08/2025;ARGEMIRO  GALEANO;INTECA  27/08/2025;sin existencias
AP 20;0,39;6005;VERDE;3640;7/10/2025;ARGEMIRO  GALEANO;MAQUILADO  TH  07/10/2025;sin existencias
AP 21;0,39;6005;VERDE;3390;7/10/2025;ARGEMIRO  GALEANO;MAQUILADO  TH  07/10/2025  PESO  INICIAL  (3390);sin existencias
AP 22;0,39;5005;AZUL;3534;29/10/2025;ARGEMIRO  GALEANO;VENTA  ALFA  Y  OMEGA  06/11/2025;sin existencias
AP 23;0,27;3001;ROJO;3542;4/12/2025;ARGEMIRO  GALEANO;VENTA  CENTRY  MARKET  22/12/2025;sin existencias
AP 24;0,39;5005;AZUL;4170;6/12/2025;ARGEMIRO  GALEANO;MAQUILADO  TH  11/12/2025  PESO  INICIAL  (4170);sin existencias
AP 25;0,39;5005;AZUL;4240;6/12/2025;ARGEMIRO  GALEANO;VENTA  LAMINAS  IMPERIAL  06/12/2025;sin existencias
AP 26;0,39;5005;AZUL;4238;20/12/2025;ARGEMIRO  GALEANO;MAQUILADO  TH  PESO  INICIAL  (4238);sin existencias
AP 27;0,39;5005;AZUL;4182;20/12/2025;ARGEMIRO  GALEANO;MAQUILADO  TH  14/01/2026  PESO  INICIAL  (4182);sin existencias
CH 1;0,25;3001;ROJO;4119;29/08/2025;PHOENIX;VENTA  24/24  14/10/2025;sin existencias
CH 2;0,25;3001;ROJO;4157;29/08/2025;PHOENIX;VENTA  JORGE  ACOSTA  29/10/2025;sin existencias
CH 3;0,25;5005;AZUL;4139;29/08/2025;PHOENIX;MAQUILADO  TH  07/11/2025  PESO  INICIAL  (4139);sin existencias
CH 4;0,25;3001;ROJO;4123;29/08/2025;PHOENIX;VENTA  NOVALTECHOS  05/11/2025;sin existencias
CH 5;0,33;3001;ROJO;4229;29/08/2025;PHOENIX;VENTA  CENTRY  MARKET  28/10/2025  ;sin existencias
CH 6;0,25;3001;ROJO;4187;29/08/2025;PHOENIX;VENTA  NOVALTECHOS  05/11/2025;sin existencias
CH 7;0,25;3001;ROJO;4113;29/08/2025;PHOENIX;VENTA  24/24  14/10/2025 ;sin existencias
CH 8;0,39;3001;ROJO;3781;29/08/2025;PHOENIX;VENTA  CUBIACEROS  06/11/2025;sin existencias
CH 9;0,25;5005;AZUL;4095;30/08/2025;PHOENIX;VENTA  NOVALTECHOS  20/10/2025;sin existencias
CH 10;0,33;3001;ROJO;4269;30/08/2025;PHOENIX;VENTA  CENTRY  MARKET  28/10/2025  ;sin existencias
CH 11;0,25;3001;ROJO;4103;30/08/2025;PHOENIX;VENTA  24/24  14/10/2025 ;sin existencias
CH 12;0,25;5005;AZUL;4087;30/08/2025;PHOENIX;VENTA 24/24  08/09/2025;sin existencias
CH 13;0,39;3001;ROJO;3815;30/08/2025;PHOENIX;MAQUILADO  TH  02/09/2025  PESO  INICIAL  (3815);sin existencias
CH 14;0,25;5005;AZUL;4137;30/08/2025;PHOENIX;VENTA  NOVALTECHOS  05/11/2025;sin existencias
CH 15;0,25;3001;ROJO;4111;30/08/2025;PHOENIX;VENTA  24/24  14/10/2025 ;sin existencias
CH 16;0,33;3001;ROJO;4271;30/08/2025;PHOENIX;MAQUILADO  TH  20/10/2025  PESO  INICIAL  (4271);sin existencias
CH 17;0,25;5005;AZUL;4129;1/09/2025;PHOENIX;VENTA  NOVALTECHOS  14/11/2025;sin existencias
CH 18;0,25;3001;ROJO;4165;1/09/2025;PHOENIX;VENTA  NOVALTECHOS  05/11/2025;sin existencias
CH 19;0,25;5005;AZUL;4101;1/09/2025;PHOENIX;VENTA 24/24  08/09/2025;sin existencias
CH 20;0,33;3001;ROJO;4201;1/09/2025;PHOENIX;MAQUILADO  TH  02/09/2025  PESO  INICIAL  (4201);sin existencias
CH 21;0,25;5005;AZUL;4099;1/09/2025;PHOENIX;VENTA 24/24  08/09/2025;sin existencias
CH 22;0,25;3001;ROJO;4189;1/09/2025;PHOENIX;VENTA  BC  29/09/2025;sin existencias
CH 23;0,25;5005;AZUL;4097;1/09/2025;PHOENIX;MAQUILADO  TH  29/09/2025  PESO  INICIAL  (4097);sin existencias
CH 24;0,25;3001;ROJO;4133;1/09/2025;PHOENIX;VENTA  BC  29/09/2025;sin existencias
CH 25;0,25;5005;AZUL;4091;1/09/2025;PHOENIX;VENTA  NOVALTECHOS  20/10/2025;sin existencias
CH 26;0,25;5005;AZUL;4131;1/09/2025;PHOENIX;VENTA  NOVALTECHOS  20/10/2025;sin existencias
CH 27;0,25;5005;AZUL;4101;1/09/2025;PHOENIX;VENTA  NOVALTECHOS  20/10/2025;sin existencias
CH 28;0,25;3001;ROJO;4289;1/09/2025;PHOENIX;VENTA  24/24  14/10/2025 ;sin existencias
CH 29;0,25;5005;AZUL;4117;1/09/2025;PHOENIX;VENTA  NOVALTECHOS  13/11/2025;sin existencias
CH 30;0,25;5005;AZUL;4113;1/09/2025;PHOENIX;VENTA  NOVALTECHOS  13/11/2025;sin existencias
CH 31;0,25;3001;ROJO;4111;1/09/2025;PHOENIX;VENTA  24/24  14/10/2025 ;sin existencias
CH 32;0,33;5005;AZUL;4263;1/09/2025;PHOENIX;MAQUILADO  TH  27/10/2025  PESO  INICIAL  (4263);sin existencias
CH 33;0,25;3001;ROJO;4169;1/09/2025;PHOENIX;VENTA  NOVALTECHOS  05/11/2025;sin existencias
CH 34;0,25;3001;ROJO;4211;1/09/2025;PHOENIX;VENTA  24/24  14/10/2025 ;sin existencias
CH 35;0,39;5005;AZUL;3859;1/09/2025;PHOENIX;VENTA  FERRECANALES  22/10/2025;sin existencias
CH 36;0,39;5005;AZUL;3871;1/09/2025;PHOENIX;VENTA  JORGE  ACOSTA  08/09/2025;sin existencias
CH 37;0,25;5005;AZUL;4107;1/09/2025;PHOENIX;MAQUILADO  TH  05/11/2025;sin existencias
CH 38;0,25;3001;ROJO;4163;1/09/2025;PHOENIX;VENTA  NOVALTECHOS  05/11/2025;sin existencias
CH 39;0,25;3001;ROJO;4171;1/09/2025;PHOENIX;VENTA  24/24  28/10/2025;sin existencias
CH 40;0,25;3001;ROJO;4163;1/09/2025;PHOENIX;VENTA  24/24  28/10/2025;sin existencias
CH 41;0,25;5005;AZUL;4145;1/09/2025;PHOENIX;VENTA  NOVALTECHOS  14/11/2025;sin existencias
CH 42;0,25;5005;AZUL;4117;1/09/2025;PHOENIX;VENTA  NOVALTECHOS  14/11/2025;sin existencias
CH 43;0,25;5005;AZUL;4089;1/09/2025;PHOENIX;VENTA  NOVALTECHOS  13/11/2025;sin existencias
CH 44;0,39;3001;ROJO;3813;1/09/2025;PHOENIX;VENTA  FERRECANALES  22/10/2025;sin existencias
CH 45;0,33;3001;ROJO;4277;1/09/2025;PHOENIX;MAQUILADO  TH  15/10/2025  PESO  INICIAL  (4277);sin existencias
CH 46;0,25;3001;ROJO;4169;1/09/2025;PHOENIX;VENTA  24/24  28/10/2025;sin existencias
CH 47;0,25;5005;AZUL;4117;1/09/2025;PHOENIX;VENTA  NOVALTECHOS  13/11/2025;sin existencias
CH 48;0,33;5005;AZUL;4287;1/09/2025;PHOENIX;VENTA  CONSTRUCCION  Y SUMINISTROS  24/09/2025;sin existencias
CH 49;0,25;3001;ROJO;4139;2/09/2025;PHOENIX;VENTA  24/24  28/10/2025;sin existencias
CH 50;0,33;3001;ROJO;4223;2/09/2025;PHOENIX;MAQUILADO  TH  15/10/2025  PESO  INICIAL  (4223);sin existencias
CH 51;0,39;3001;ROJO;3717;2/09/2025;PHOENIX;MAQUILADO  TH  30/09/2025  PESO  INICIAL  (3717);sin existencias
CH 52;0,25;5005;AZUL;4147;2/09/2025;PHOENIX;VENTA  NOVALTECHOS  14/11/2025;sin existencias
CH 53;0,25;3001;ROJO;4053;2/09/2025;PHOENIX;VENTA  24/24  28/10/2025;sin existencias
CH 54;0,25;3001;ROJO;4195;2/09/2025;PHOENIX;VENTA  24/24  28/10/2025;sin existencias
CH 55;0,25;3001;ROJO;4217;2/09/2025;PHOENIX;MAQUILADO  TH  13/12/2025  ;sin existencias
CH 56;0,25;3001;ROJO;4223;2/09/2025;PHOENIX;VENTA  NOVALTECHOS  05/11/2025;sin existencias
CH 57;0,33;5005;AZUL;4159;2/09/2025;PHOENIX;VENTA  FERRECANALES  21/10/2025;sin existencias
CH 58;0,33;5005;AZUL;4261;2/09/2025;PHOENIX;VENTA  CENTRY  MARKET  26/11/2025;sin existencias
CH 59;0,33;5005;AZUL;4143;2/09/2025;PHOENIX;VENTA  24/24  14/10/2025;sin existencias
CH 60;0,25;3001;ROJO;4113;2/09/2025;PHOENIX;VENTA  24/24  28/10/2025;sin existencias
CH 61;0,39;5005;AZUL;3819;2/09/2025;PHOENIX;VENTA  FERRECANALES  22/10/2025;sin existencias
CH 62;0,33;5005;AZUL;4279;2/09/2025;PHOENIX;MAQUILADO  TH  14/10/2025  PESO  INICIAL  (4279);sin existencias
CH 63;0,39;5005;AZUL;3753;2/09/2025;PHOENIX;VENTA  LADY  SANCHEZ  08/09/2025;sin existencias
CH 64;0,25;3001;ROJO;4161;2/09/2025;PHOENIX;VENTA  NOVALTECHOS  05/11/2025;sin existencias
CH 65;0,25;3001;ROJO;4143;5/09/2025;PHOENIX;VENTA  BC  29/09/2025;sin existencias
CH 66;0,25;3001;ROJO;4181;5/09/2025;PHOENIX;VENTA  BC  29/09/2025;sin existencias
CH 67;0,25;3001;ROJO;4245;5/09/2025;PHOENIX;VENTA  BC  29/09/2025;sin existencias
CH 68;0,25;3001;ROJO;4133;5/09/2025;PHOENIX;MAQUILADO  TH  17/10/2025  PESO  INICIAL  (4133);sin existencias
CH 69;0,33;3001;ROJO;4225;5/09/2025;PHOENIX;VENTA  FERRECANALES  21/10/2025;sin existencias
CH 70;0,33;3001;ROJO;4293;5/09/2025;PHOENIX;VENTA  WILLIAM  ARTUNDUAGA  28/01/2026;sin existencias
CH 71;0,33;3001;ROJO;4259;5/09/2025;PHOENIX;VENTA  24/24  29/11/2025  ;sin existencias
CH 72;0,33;3001;ROJO;36;6/09/2025;PHOENIX;MAQUILADO  TH  28/10/2025  PESO  INICIAL  (4283);sin existencias
CH 73;0,33;5005;AZUL;4261;6/09/2025;PHOENIX;MAQUILADO  TH  04/11/2025  PESO  INICIAL  (4261);sin existencias
CH 74;0,33;5005;AZUL;4253;6/09/2025;PHOENIX;VENTA  24/24  08/09/2025;sin existencias
CH 75;0,39;5005;AZUL;3811;6/09/2025;PHOENIX;VENTA  LADY  SANCHEZ  15/09/2025;sin existencias
CH 76;0,39;5005;AZUL;3743;6/09/2025;PHOENIX;VENTA  CENTRY  MARKET  28/10/2025  ;sin existencias
CH 77;0,25;3001;ROJO;4261;6/09/2025;PHOENIX;VENTA  CENTRY  MARKET  24/09/2025;sin existencias
CH 78;0,25;3001;ROJO;4233;6/09/2025;PHOENIX;MAQUILADO  TH  22/10/2025  PESO  INICIAL  (4233);sin existencias
CH 79;0,25;3001;ROJO;4201;6/09/2025;PHOENIX;VENTA  NOVALTECHOS  25/10/2025;sin existencias
CH 80;0,25;6001;VERDE;4095;8/09/2025;PHOENIX;VENTA  CENTRY  MARKET  26/09/2025;sin existencias
CH 81;0,25;6001;VERDE;4135;8/09/2025;PHOENIX;MAQUILADO  TH  09/09/2025  PESO  INICIAL  (4135);sin existencias
CH 82;0,33;6001;VERDE;4209;8/09/2025;PHOENIX;MAQUILADO  TH  24/09/2025  PESO  INICIAL  (4209);sin existencias
CH 83;0,25;5005;AZUL;4109;8/09/2025;PHOENIX;MAQUILADO  TH  31/10/2025  PESO  INICIAL  (4109);sin existencias
CH 84;0,33;6001;VERDE;4221;8/09/2025;PHOENIX;VENTA  BC  17/09/2025;sin existencias
CH 85;0,25;3001;ROJO;4207;8/09/2025;PHOENIX;VENTA  BC  26/09/2025;sin existencias
CH 86;0,25;3001;ROJO;4261;8/09/2025;PHOENIX;VENTA  LADY  17/10/2025;sin existencias
CH 87;0,39;3001;ROJO;3843;8/09/2025;PHOENIX;VENTA  FERRECANALES  22/10/2025;sin existencias
CH 88;0,25;6001;VERDE;4093;11/09/2025;PHOENIX;VENTA  CENTRY  MARKET  26/09/2025;sin existencias
CH 89;0,25;6001;VERDE;4091;11/09/2025;PHOENIX;MAQUILADO  TH  16/09/2025  PESO  INICIAL  (4091);sin existencias
CH 90;0,25;3001;ROJO;4223;11/09/2025;PHOENIX;VENTA  CENTRY  MARKET  19/09/2025;sin existencias
CH 91;0,33;3001;ROJO;4277;11/09/2025;PHOENIX;MAQUILADO  TH  08/10/2025  PESO  INICIAL  (4277);sin existencias
CH 92;0,39;3001;ROJO;3853;11/09/2025;PHOENIX;MAQUILADO  TH  08/10/2025  PESO  INICIAL  (3853);sin existencias
CH 93;0,33;6001;VERDE;4311;11/09/2025;PHOENIX;VENTA  BC  17/09/2025;sin existencias
CH 94;0,33;5005;AZUL;4231;11/09/2025;PHOENIX;MAQUILADO  TH  07/11/2025  PESO  INICIAL  (4231);sin existencias
CH 95;0,25;3001;ROJO;4331;11/09/2025;PHOENIX;VENTA  CENTRY  MARKET  19/09/2025;sin existencias
CH 96;0,33;5005;AZUL;4247;11/09/2025;PHOENIX;ARGEMIRO  17/10/2025;sin existencias
CH 97;0,33;6001;VERDE;4279;11/09/2025;PHOENIX;MAQUILADO  TH  12/09/2025  PESO  INICIAL  (4279);sin existencias
CH 98;0,25;6001;VERDE;4087;11/09/2025;PHOENIX;VENTA  CENTRY  MARKET  26/09/2025;sin existencias
BO 1;0,25;3001;ROJO;4042;5/09/2025;BOMIS;VENTA  24/24  06/09/2025;sin existencias
BO 2;0,25;5005;AZUL;3474;5/09/2025;BOMIS;VENTA 24/24  08/09/2025;sin existencias
BO 3;0,25;3001;ROJO;4072;5/09/2025;BOMIS;VENTA  24/24  06/09/2025;sin existencias
BO 4;0,25;3001;ROJO;4580;5/09/2025;BOMIS;VENTA  24/24  06/09/2025;sin existencias
BO 5;0,25;3001;ROJO;4600;5/09/2025;BOMIS;VENTA  24/24  06/09/2025;sin existencias
BO 6;0,25;3001;ROJO;4478;5/09/2025;BOMIS;VENTA  24/24  06/09/2025;sin existencias
BO 7;0,33;3001;ROJO;4138;5/09/2025;BOMIS;VENTA  24/24  06/09/2025;sin existencias
BO 8;0,39;9003;BLANCO;4170;5/09/2025;BOMIS;VENTA  BC  18/09/2025;sin existencias
BO 9;0,25;5005;AZUL;4266;5/09/2025;BOMIS;VENTA 24/24  08/09/2025;sin existencias
BO 10;0,25;3001;ROJO;4316;5/09/2025;BOMIS;VENTA  24/24  06/09/2025;sin existencias
BO 11;0,25;3001;ROJO;4576;5/09/2025;BOMIS;VENTA  24/24  06/09/2025;sin existencias
BO 12;0,25;5005;AZUL;4226;5/09/2025;BOMIS;VENTA 24/24  08/09/2025;sin existencias
BO 13;0,25;5005;AZUL;4244;5/09/2025;BOMIS;VENTA 24/24  08/09/2025;sin existencias
BO 14;0,33;3001;ROJO;4296;5/09/2025;BOMIS;MAQUILADO  TH  20/11/2025  PESO  INICIAL  (4296);sin existencias
BO 15;0,39;9003;BLANCO;4218;5/09/2025;BOMIS;VENTA  BC  08/09/2025;sin existencias
BO 16;0,39;9003;BLANCO;4498;5/09/2025;BOMIS;MAQUILADO  TH  22/09/2025;sin existencias
BO 17;0,39;9003;BLANCO;4310;8/09/2025;BOMIS;MAQUILADO  TH  20/10/2025  PESO  INICIAL  (4310);sin existencias
BO 18;0,39;3001;ROJO;4244;8/09/2025;BOMIS;VENTA  CENTRY  MARKET  28/10/2025  ;sin existencias
BO 19;0,39;9003;BLANCO;4312;8/09/2025;BOMIS;MAQUILADO  TH  24/09/2025  PESO  INICIAL  (4312);sin existencias
BO 20;0,39;9003;BLANCO;4128;8/09/2025;BOMIS;VENTA  CUBIACEROS  22/09/2025;sin existencias
BO 21;0,39;3001;ROJO;4612;8/09/2025;BOMIS;VENTA  ALFA  Y  OMEGA  30/10/2025;sin existencias
BO 22;0,39;3001;ROJO;4262;8/09/2025;BOMIS;VENTA  LADY  20/10/2025;sin existencias
BO 23;0,39;3001;ROJO;4508;8/09/2025;BOMIS;VENTA  CENTRY  MARKET  16/10/2025;sin existencias
BO 24;0,39;3001;ROJO;4258;8/09/2025;BOMIS;VENTA  LADY  20/10/2025;sin existencias
BO 25;0,39;3001;ROJO;4170;8/09/2025;BOMIS;VENTA  CARACEROS  28/10/2025;sin existencias
BO 26;0,39;3001;ROJO;4446;8/09/2025;BOMIS;MAQUILADO  TH  08/11/2025  PESO  INICIAL  (4446);sin existencias
BO 27;0,25;3001;ROJO;4074;11/09/2025;BOMIS;VENTA  BC  08/10/2025;sin existencias
BO 28;0,25;3001;ROJO;4160;11/09/2025;BOMIS;VENTA  BC  08/10/2025;sin existencias
BO 29;0,25;3001;ROJO;4480;11/09/2025;BOMIS;MAQUILADO  TH  25/10/2025  PESO  INICIAL  (4480);sin existencias
BO 30;0,25;3001;ROJO;4554;11/09/2025;BOMIS;VENTA  BC  10/10/2025;sin existencias
BO 31;0,25;3001;ROJO;4066;11/09/2025;BOMIS;MAQUILADO  TH  23/10/2025  PESO  INICIAL  (4066);sin existencias
BO 32;0,25;3001;ROJO;4244;11/09/2025;BOMIS;VENTA  BC  08/10/2025;sin existencias
BO 33;0,25;3001;ROJO;4468;11/09/2025;BOMIS;VENTA  BC  08/10/2025;sin existencias
BO 34;0,33;3001;ROJO;4210;11/09/2025;BOMIS;VENTA  CENTRY  MARKET  24/09/2025;sin existencias
BO 35;0,33;5005;AZUL;3502;11/09/2025;BOMIS;MAQUILADO  TH  23/09/2025  PESO  INICIAL  (3502);sin existencias
BO 36;0,33;5005;AZUL;4164;11/09/2025;BOMIS;VENTA  24/24  19/09/2025;sin existencias
BO 37;0,33;5005;AZUL;4144;11/09/2025;BOMIS;VENTA  24/24  19/09/2025;sin existencias
BO 38;0,33;3001;ROJO;4190;11/09/2025;BOMIS;VENTA  24/24  19/09/2025;sin existencias
BO 39;0,33;5005;AZUL;4320;11/09/2025;BOMIS;MAQUILADO  TH  22/09/2025;sin existencias
BO 40;0,39;5005;AZUL;4438;11/09/2025;BOMIS;VENTA  CENTRY  MARKET  28/10/2025  ;sin existencias
BO 41;0,39;3001;ROJO;4174;11/09/2025;BOMIS;VENTA  CUBIERTAS  Y  SUMINISTROS  11/11/2025;sin existencias
BO 42;0,33;3001;ROJO;4310;11/09/2025;BOMIS;MAQUILADO  TH  06/11/2025  PESO  INICIAL  (4310);sin existencias
BO 43;0,33;3001;ROJO;4166;11/09/2025;BOMIS;MAQUILADO  TH  06/11/2025  PESO  INICIAL  (4166);sin existencias
BO 44;0,33;3001;ROJO;4174;11/09/2025;BOMIS;VENTA  24/24  19/09/2025;sin existencias
BO 45;0,39;5005;AZUL;4464;11/09/2025;BOMIS;MAQUILADO  TH  27/10/2025  PESO  INICIAL  (4464);sin existencias
BO 46;0,33;3001;ROJO;4368;11/09/2025;BOMIS;MAQUILADO  TH  31/10/2025  PESO  INICIAL  (4368);sin existencias
BO 47;0,25;5005;AZUL;4174;13/09/2025;BOMIS;MAQUILADO  TH  26/09/2025  PESO  INICIAL  (4174);sin existencias
BO 48;0,25;3001;ROJO;3942;13/09/2025;BOMIS;VENTA  24/24  19/09/205;sin existencias
BO 49;0,25;3001;ROJO;4090;13/09/2025;BOMIS;VENTA  24/24  19/09/2025;sin existencias
BO 50;0,25;3001;ROJO;4000;13/09/2025;BOMIS;MAQUILADO  TH  07/11/2025  PESO  INICIAL  (4000);sin existencias
BO 51;0,25;3001;ROJO;4420;13/09/2025;BOMIS;MAQUILADO  TH  09/10/2025  PESO  INICIAL  (4420);sin existencias
BO 52;0,25;3001;ROJO;4070;13/09/2025;BOMIS;VENTA  24/24  19/09/2025;sin existencias
BO 53;0,25;3001;ROJO;4108;13/09/2025;BOMIS;MAQUILADO  TH  04/11/2025  PESO  INICIAL  (4108);Sin existencias
BO 54;0,25;3001;ROJO;3944;13/09/2025;BOMIS;MAQUILADO  TH  05/11/2025  PESO  INICIAL  (3944);sin existencias
BO 55;0,33;3001;ROJO;4334;13/09/2025;BOMIS;MAQUILADO  TH  14/11/2025  PESO  INICIAL  (4334);sin existencias
BO 56;0,39;5005;AZUL;4592;13/09/2025;BOMIS;MAQUILADO  TH  24/03/2025  PESO  INICIAL  (4592);sin existencias
BO 57;0,39;5005;AZUL;4514;13/09/2025;BOMIS;VENTA  JORGE  ACOSTA  15/09/2025;sin existencias
BO 58;0,33;5005;AZUL;4652;13/09/2025;BOMIS;VENTA  24/24  19/09/2025;sin existencias
BO 59;0,25;3001;ROJO;4648;15/09/2025;BOMIS;VENTA  24/24  19/09/2025;sin existencias
BO 60;0,25;5005;AZUL;4168;15/09/2025;BOMIS;MAQUILADO  TH  26/09/2025  PESO  INICIAL  (4168);sin existencias
BO 61;0,25;3001;ROJO;4384;15/09/2025;BOMIS;MAQUILADO  TH  29/09/2025  PESO  INICIAL  (4384);sin existencias
BO 62;0,25;3001;ROJO;4062;15/09/2025;BOMIS;VENTA  24/24  19/09/2025;sin existencias
BO 63;0,25;3001;ROJO;3962;15/09/2025;BOMIS;VENTA  24/24  19/09/2025;sin existencias
BO 64;0,25;5005;AZUL;4162;15/09/2025;BOMIS;MAQUILADO  TH  27/09/2025  PESO  INICIAL  (4162);sin existencias
BO 65;0,25;3001;ROJO;4014;15/09/2025;BOMIS;VENTA  BC  10/10/2025;sin existencias
BO 66;0,39;5005;AZUL;4500;15/09/2025;BOMIS;MAQUILADO  TH  16/09/2025  PESO  INICIAL  (4500);sin existencias
BO 67;0,25;3001;ROJO;4540;15/09/2025;BOMIS;MAQUILADO  TH  31/10/2025  PESO  INICIAL  (4540);sin existencias
BO 68;0,33;5005;AZUL;3798;15/09/2025;BOMIS;MAQUILADO  TH  03/10/2025  PÉSO  INICIAL  (3798);sin existencias
BO 69;0,25;3001;ROJO;4260;15/09/2025;BOMIS;MAQUILADO  TH  30/10/2025  PESO  INICIAL  (4260);sin existencias
BO 70;0,25;3001;ROJO;4489;15/09/2025;BOMIS;MAQUILADO  TH  18/11/2025;sin existencias
BO 71;0,25;3001;ROJO;4268;15/09/2025;BOMIS;MAQUILADO  TH  05/11/2025  PESO  INICIAL  (3944);sin existencias
BO 72;0,33;3001;ROJO;4406;15/09/2025;BOMIS;VENTA  24/24  14/10/2025;sin existencias
BO 73;0,25;3001;ROJO;4154;15/09/2025;BOMIS;MAQUILADO  TH  25/09/2025  PESO  INICIAL  (4154);sin existencias
BO 74;0,25;5005;AZUL;4154;15/09/2025;BOMIS;MAQUILADO  TH  17/09/2025  PESO  INICIAL  (4154);sin existencias
BO 75;0,25;3001;ROJO;4592;15/09/2025;BOMIS;MAQUILADO  TH  16/09/2025  PESO  INICIAL  (4592);sin existencias
BO 76;0,25;3001;ROJO;4218;15/09/2025;BOMIS;VENTA  24/24  19/09/2025;sin existencias
BO 77;0,25;5005;AZUL;4256;15/09/2025;BOMIS;VENTA  24/24  19/09/2025;sin existencias
BO 78;0,25;3001;ROJO;4544;15/09/2025;BOMIS;MAQUILADO  TH  13/11/20255;sin existencias
BO 79;0,25;3001;ROJO;4008;15/09/2025;BOMIS;MAQUILADO  TH  12/11/2025  PESO  INICIAL  (4008);sin existencias
BO 80;0,33;5005;AZUL;4136;15/09/2025;BOMIS;MAQUILADO  TH  03/10/2025  PESO  INICIAL  (4136);sin existencias
BO 81;0,33;3001;ROJO;4300;15/09/2025;BOMIS;MAQUILADO  TH  23/09/2025  PESO  INICIAL  (4300);sin existencias
BO 82;0,33;3001;ROJO;4096;15/09/2025;BOMIS;MAQUILADO  TH  25/11/2025  PESO  INICIAL  (4096);sin existencias
BO 83;0,33;5005;AZUL;4044;15/09/2025;BOMIS;MAQUILADO  TH  01/10/2025  PESO  INICIAL  (4044);sin existencias
BO 84;0,25;5005;AZUL;4200;15/09/2025;BOMIS;VENTA  24/24  19/09/2025;sin existencias
BO 85;0,25;5005;AZUL;4188;15/09/2025;BOMIS;VENTA  24/24  19/09/2025;sin existencias
BO 86;0,25;3001;ROJO;4144;15/09/2025;BOMIS;VENTA  24/24  19/09/2025;sin existencias
BR 1;0,25;3001;ROJO;4182;10/11/2025;BROAD  ROAD;VENTA  NOVALTECHOS  02/12/2025  ;sin existencias
BR 2;0,25;3001;ROJO;4286;10/11/2025;BROAD  ROAD;MAQUILADO  TH  04/12/2025  PESO  INICIAL  (4286);sin existencias
BR 3;0,25;3001;ROJO;4232;10/11/2025;BROAD  ROAD;VENTA  NOVALTECHOS  02/12/2025  ;sin existencias
BR 4;0,25;3001;ROJO;4260;10/11/2025;BROAD  ROAD;MAQUILADO  TH  12/12/2025  PESO  INICIAL  (4260);sin existencias
BR 5;0,25;5005;AZUL;4196;10/11/2025;BROAD  ROAD;VENTA  24/24  29/11/2025;sin existencias
BR 6;0,33;3001;ROJO;4534;10/11/2025;BROAD  ROAD;VENTA  24/24  13/01/2026;sin existencias
BR 7;0,70  X  1200;9003;BLANCO;4378;10/11/2025;BROAD  ROAD;VENTA  HERMIS  27/11/2025;sin existencias
BR 8;0,70  X  1200;9003;BLANCO;4370;10/11/2025;BROAD  ROAD;VENTA  HERMIS  27/11/2025;sin existencias
BR 9;0,25;5005;AZUL;4164;10/11/2025;BROAD  ROAD;VENTA  24/24  29/11/2025;sin existencias
BR 10;0,25;3001;ROJO;4178;10/11/2025;BROAD  ROAD;VENTA  NOVALTECHOS  02/12/2025  ;sin existencias
BR 11;0,25;3001;ROJO;4288;10/11/2025;BROAD  ROAD;MAQUILADO  TH  04/12/2025  PESO  INICIAL  (4288);sin existencias
BR 12;0,25;5005;AZUL;4186;10/11/2025;BROAD  ROAD;MAQUILADO  TH  27/11/2025  PESO  INICIAL  (4186);sin existencias
BR 13;0,25;3001;ROJO;4164;10/11/2025;BROAD  ROAD;MAQUILADO  TH  27/11/2025  PESO  INICIAL  (4164);sin existencias
BR 14;0,25;3001;ROJO;4142;10/11/2025;BROAD  ROAD;VENTA  NOVALTECHOS  02/12/2025  ;sin existencias
BR 15;0,25;5005;AZUL;4162;10/11/2025;BROAD  ROAD;VENTA  24/24  19/11/2025  ;sin existencias
BR 16;0,25;3001;ROJO;4192;10/11/2025;BROAD  ROAD;MAQUILADO  TH  19/11/2025  PESO  INICIAL  (4192);sin existencias
BR 17;0,33;3001;ROJO;4132;10/11/2025;BROAD  ROAD;VENTA  24/24  30/01/2026;Sin existencias
BR 18;0,70  X  1200;9003;BLANCO;4082;10/11/2025;BROAD  ROAD;VENTA  HERMIS  25/11/2025;sin existencias
BR 19;0,25;3001;ROJO;4148;10/11/2025;BROAD  ROAD;VENTA  LAMINAS  LA  IMPERIAL  25/11/2025;sin existencias
BR 20;0,25;5005;AZUL;4126;10/11/2025;BROAD  ROAD;VENTA  24/24  19/11/2025  ;sin existencias
BR 21;0,59 X 1200;9003;BLANCO;4428;11/11/2025;BROAD  ROAD;VENTA  COLCOVER  13/11/2025;sin existencias
BR 22;0,25;5005;AZUL;4172;11/11/2025;BROAD  ROAD;VENTA  24/24  19/11/2025  ;sin existencias
BR 23;0,25;3001;ROJO;4228;11/11/2025;BROAD  ROAD;VENTA  NOVALTECHOS  02/12/2025  ;sin existencias
BR 24;0,25;3001;ROJO;4186;11/11/2025;BROAD  ROAD;VENTA  24/24  29/11/2025;sin existencias
BR 25;0,25;3001;ROJO;4088;11/11/2025;BROAD  ROAD;VENTA  24/24  29/11/2025;sin existencias
BR 26;0,33;5005;AZUL;4500;11/11/2025;BROAD  ROAD;CAMBIO  ARGEMIRO  26/11/2025;sin existencias
BR 27;0,33;3001;ROJO;4472;11/11/2025;BROAD  ROAD;VENTA  CONSTRUCCIONES Y SUMINISTROS  HYM  20/01/2026;sin existencias
BR 28;0,59  400 X 3;9003;BLANCO;4354;11/11/2025;BROAD  ROAD;MAQUILADO  TH  18/11/2025  PESO  INICIAL  (4354);sin existencias
BR 28  (2);0,59  400 X 3;9003;BLANCO;1429;11/11/2025;BROAD  ROAD;;sin existencias
BR 29;0,59 X 1200;9003;BLANCO;4364;11/11/2025;BROAD  ROAD;VENTA  COLCOVER  13/11/2025;sin existencias
BR 30;0,33;5005;AZUL;4462;11/11/2025;BROAD  ROAD;VENTA  24/24  29/11/2025  ;sin existencias
BR 31;0,39;3001;ROJO;4572;11/11/2025;BROAD  ROAD;VENTA  CENTRAL  DE  LAMINAS  Y  CORTES  11/11/2025;sin existencias
BR 32;0,33;5005;AZUL;4446;11/11/2025;BROAD  ROAD;MAQUILADO  TH  29/11/2025  PESO  INICIAL  (4446);sin existencias
BR 33;0,33;5005;AZUL;4524;11/11/2025;BROAD  ROAD;MAQUILADO  TH  05/12/2025  PESO  INICIAL  (4524);sin existencias
BR 34;0,33;5005;AZUL;4508;11/11/2025;BROAD  ROAD;MAQUILADO  TH  11/12/2025  PESO  INICIAL  (4508);sin existencias
BR 35;0,25;5005;AZUL;4198;11/11/2025;BROAD  ROAD;MAQUILADO  TH  05/12/2025  PESO  INICIAL  (4198);sin existencias
BR 36;0,39;5005;AZUL;4562;11/11/2025;BROAD  ROAD;VENTA  CENTRAL  DE  LAMINAS  Y  CORTES  11/11/2025;sin existencias
BR 37;0,70  X  1200;9003;BLANCO;4356;11/11/2025;BROAD  ROAD;VENTA  HERMIS  25/11/2025;sin existencias
BR 38;0,33;3001;ROJO;4306;11/11/2025;BROAD  ROAD;VENTA  ESPINOSA  SANABRIA  FRANCY  08/01/2026;sin existencias
BR 39;0,25;3001;ROJO;4186;11/11/2025;BROAD  ROAD;VENTA  24/24  29/11/2025;sin existencias
BR 40;0,33;5005;AZUL;4532;11/11/2025;BROAD  ROAD;MAQUILADO  TH  05/12/2025  PESO  INICIAL  (4532);sin existencias
BR 41 - 1;0,59 X 400;9003;BLANCO;1472,66;11/11/2025;BROAD  ROAD;BODEGA  2  CANALES;activo
BR 41 - 2;0,59 X 400;9003;BLANCO;1472,66;11/11/2025;BROAD  ROAD;BODEGA  2  CANALES;activo
BR 41 - 3;0,59 X 400;9003;BLANCO;1472,66;11/11/2025;BROAD  ROAD;BODEGA  2  CANALES;activo
BR 42;0,39;5005;AZUL;4426;11/11/2025;BROAD  ROAD;VENTA  CENTRY  MARKET  13/11/2025;sin existencias
BR 43;0,25;3001;ROJO;4226;11/11/2025;BROAD  ROAD;MAQUILADO  TH  26/11/2025  PESO  INICIAL  (4226);sin existencias
BR 44;0,25;3001;ROJO;4122;11/11/2025;BROAD  ROAD;VENTA  NOVALTECHOS  02/12/2025  ;sin existencias
BR 45;0,39;3001;ROJO;4532;11/11/2025;BROAD  ROAD;VENTA  ESPINOSA  SANABRIA  FRANCY  08/01/2026;sin existencias
BR 46;0,25;3001;ROJO;4234;11/11/2025;BROAD  ROAD;MAQUILADO  TH  10/12/2025  PESO  INICIAL  (4234);sin existencias
BR 47;0,25;3001;ROJO;4290;11/11/2025;BROAD  ROAD;VENTA  BC  25/11/2025;sin existencias
BR 48;0,25;3001;ROJO;4276;11/11/2025;BROAD  ROAD;VENTA  24/24  19/12/2025;sin existencias
BR 49;0,25;3001;ROJO;4298;11/11/2025;BROAD  ROAD;VENTA  NOVALTECHOS  02/12/2025  ;sin existencias
BR 50;0,59 X 1200;9003;BLANCO;4298;11/11/2025;BROAD  ROAD;VENTA  COLCOVER  13/11/2025;sin existencias
BR 51;0,25;3001;ROJO;4210;11/11/2025;BROAD  ROAD;MAQUILADO  TH  13/12/2025  ;sin existencias
BR 52;0,25;3001;ROJO;4184;11/11/2025;BROAD  ROAD;MAQUILADO  TH  26/11/2025  PESO  INICIAL  (4184);sin existencias
BR 53;0,25;5005;AZUL;4146;11/11/2025;BROAD  ROAD;MAQUILADO  TH  25/11/2025  PESO  INICIAL  (4146);sin existencias
BR 54;0,33;3001;ROJO;1930;11/11/2025;BROAD  ROAD;MAQUILADO  TH  28/01/2026  PESO  INICIAL  (4530);sin existencias
BR 55;0,33;3001;ROJO;4516;11/11/2025;BROAD  ROAD;VENTA  LA  IMPERIAL  17/01/2026;sin existencias
BR 56;0,39;5005;AZUL;4572;11/11/2025;BROAD  ROAD;MAQUILADO  TH  13/11/2025  PESO  INICIAL  (4572);sin existencias
BR 57;0,59 X 1200;9003;BLANCO;4324;11/11/2025;BROAD  ROAD;VENTA  COLCOVER  13/11/2025;sin existencias
BR 58;0,25;5005;AZUL;4114;11/11/2025;BROAD  ROAD;VENTA  24/24  19/11/2025  ;sin existencias
BR 59;0,33;5005;AZUL;4468;11/11/2025;BROAD  ROAD;MAQUILADO  TH  12/12/2025  PESO  INICIAL  (4468);sin existencias
BR 60;0,25;5005;AZUL;4204;11/11/2025;BROAD  ROAD;MAQUILADO  TH  01/12/2025  PESO  INICIAL  (4204);sin existencias
BR 61;0,25;5005;AZUL;4182;11/11/2025;BROAD  ROAD;MAQUILADO  TH  12/12/2025  PESO  INICIAL  (4182);sin existencias
BR 62;0,25;3001;ROJO;4132;11/11/2025;BROAD  ROAD;VENTA  24/24  19/11/2025 ;sin existencias
BR 63;0,25;3001;ROJO;4160;11/11/2025;BROAD  ROAD;VENTA  24/24  19/11/2025 ;sin existencias
BR 64;0,25;3001;ROJO;4162;11/11/2025;BROAD  ROAD;VENTA  24/24  19/11/2025 ;sin existencias
BR 65;0,25;3001;ROJO;4110;11/11/2025;BROAD  ROAD;VENTA  24/24  19/11/2025 ;sin existencias
BR 66;0,25;5005;AZUL;4158;11/11/2025;BROAD  ROAD;VENTA  24/24  29/11/2025;sin existencias
BR 67;0,70  X  1200;9003;BLANCO;4442;13/11/2025;BROAD  ROAD;VENTA  HERMIS  25/11/2025;sin existencias
BR 68;0,59 X 1200  400  X  3;9003;BLANCO;4460;13/11/2025;BROAD  ROAD;MAQUILADO  TH  17/12/2025  PESO  INICIAL  (4460);sin existencias
BR 68  (1);0,59 X 400;9003;BLANCO;1466;13/11/2025;BROAD  ROAD;;sin existencias
BR 68  (2);0,59 X 400;9003;BLANCO;1429;13/11/2025;BROAD  ROAD;;sin existencias
BR 68  (3);0,59 X 400;9003;BLANCO;672;13/11/2025;BROAD  ROAD;;sin existencias
BR 69;0,33;3001;ROJO;4518;13/11/2025;BROAD  ROAD;VENTA  24/24  30/01/2026;sin existencias
BR 70;0,39;3001;ROJO;4496;13/11/2025;BROAD  ROAD;MAQUILADO  TH  21/11/2025  PESO  INICIAL  (4496);sin existencias
BR 71;0,39;5005;AZUL;4380;13/11/2025;BROAD  ROAD;VENTA  CENTRY  MARKET  13/11/2025;sin existencias
BR 72;0,33;3001;ROJO;4484;13/11/2025;BROAD  ROAD;VENTA  24/24  22/12/2025;sin existencias
BR 73;0,25;3001;ROJO;4218;13/11/2025;BROAD  ROAD;VENTA  NOVALTECHOS  14/11/2025;sin existencias
BR 74;0,39;3001;ROJO;4522;13/11/2025;BROAD  ROAD;MAQUILADO  TH  28/11/2025  PESO  INICIAL  (4522);sin existencias
BR 75;0,25;3001;ROJO;4290;13/11/2025;BROAD  ROAD;VENTA  NOVALTECHOS  14/11/2025;sin existencias
BR 76;0,33;5005;AZUL;4510;13/11/2025;BROAD  ROAD;CAMBIO  ARGEMIRO  26/11/2025;sin existencias
BR 77;0,25;3001;ROJO;4306;13/11/2025;BROAD  ROAD;VENTA  NOVALTECHOS  14/11/2025;sin existencias
BR 78;0,25;3001;ROJO;4254;13/11/2025;BROAD  ROAD;VENTA  NOVALTECHOS  02/12/2025  ;sin existencias
BR 79;0,33;3001;ROJO;4536;13/11/2025;BROAD  ROAD;MAQUILADO  TH  11/12/2025  PESO  INICIAL  (4536);sin existencias
BR 80;0,25;3001;ROJO;4244;13/11/2025;BROAD  ROAD;VENTA  NOVALTECHOS  13/11/2025;sin existencias
BR 81;0,33;3001;ROJO;4500;13/11/2025;BROAD  ROAD;MAQUILADO  TH  08/01/2026  PESO  INICIAL  (4500);sin existencias
BR 82;0,33;3001;ROJO;4532;13/11/2025;BROAD  ROAD;VENTA  24/24  13/01/2026;sin existencias
BR 83;0,39;3001;ROJO;4524;13/11/2025;BROAD  ROAD;VENTA  LADY  SANCHEZ  18/11/2025;sin existencias
BR 84;0,25;3001;ROJO;846;13/11/2025;BROAD  ROAD;VENTA  NOVALTECHOS  14/11/2025;sin existencias
BR 85;0,25;3001;ROJO;4146;13/11/2025;BROAD  ROAD;MAQUILADO  TH  01/12/2025  PESO  INICIAL  (4146);sin existencias
BR 86;0,25;3001;ROJO;4224;13/11/2025;BROAD  ROAD;VENTA  NOVALTECHOS  13/11/2025;sin existencias
BR 87;0,25;3001;ROJO;4138;13/11/2025;BROAD  ROAD;VENTA  NOVALTECHOS  13/11/2025;sin existencias
BR 88;0,25;3001;ROJO;4122;13/11/2025;BROAD  ROAD;VENTA  NOVALTECHOS  13/11/2025;sin existencias
BR 89;0,39;3001;ROJO;4518;13/11/2025;BROAD  ROAD;VENTA  LAMINAS  IMPERIAL  26/11/2025;sin existencias
BR 90;0,33;3001;ROJO;4404;13/11/2025;BROAD  ROAD;VENTA  24/24  22/12/2025;sin existencias
EL 1;0,38;6005;VERDE;4490;21/11/2025;ELMER;VENTA  JORGE  ACOSTA  27/11/2025;sin existencias
EL 2;0,33;6005;VERDE;4640;21/11/2025;ELMER;MAQUILADO  TH  13/11/2025  PESO  INICIAL  (4640);sin existencias
BL 1;0,27  X  400;9003;BLANCO;353;;;MAQUILADO  TH  21/04/2026;sin existencias
BO 1 - 1;0,59 X 400;9003;BLANCO;1327,33;15/12/2025;BOMIS;BODEGA  2  CANALES;activo
BO 1 - 2;0,59 X 400;9003;BLANCO;1327,33;15/12/2025;BOMIS;BODEGA  2  CANALES;activo
BO 1 - 3;0,59 X 400;9003;BLANCO;1327,33;15/12/2025;BOMIS;BODEGA  2  CANALES;activo
BO 2;0,39;9003;BLANCO;4128;15/12/2025;BOMIS;VENTA  CUBIACEROS  16/01/2026;sin existencias
BO 3 - 1;0,25 X 400;5005;AZUL;1294,66;15/12/2025;BOMIS;BODEGA  2  CABALLETES;activo
BO 3 - 2;0,25 X 400;5005;AZUL;1294,66;15/12/2025;BOMIS;BODEGA  2  CABALLETES;activo
BO 3 - 3;0,25 X 400;5005;AZUL;1294,66;15/12/2025;BOMIS;BODEGA  2  CABALLETES;activo
BO 4;0,25  400 X 3;3001;ROJO;3924;15/12/2025;BOMIS;MAQUILADO  TH  14/02/2026  ;sin existencias
BO 4 - 1;0,25 X 400;3001;ROJO;1308;14/02/2026;;;sin existencias
BO 4 - 2;0,25 X 400;3001;ROJO;1308;14/02/2026;;;sin existencias
BO 4 - 3;0,25 X 400;3001;ROJO;1308;14/02/2026;;;sin existencias
BO 5;0,33;5005;AZUL;4034;15/12/2025;BOMIS;VENTA  CENTRY  MARKET  08/01/2026;sin existencias
BO 6 - 1;0,25 X 400;5005;AZUL;1278;15/12/2025;BOMIS;BODEGA  2  CABALLETES;activo
BO 6 - 2;0,25 X 400;5005;AZUL;1278;15/12/2025;BOMIS;BODEGA  2  CABALLETES;activo
BO 6 - 3;0,25 X 400;5005;AZUL;1278;15/12/2025;BOMIS;BODEGA  2  CABALLETES;activo
BO 7;0,33;5005;AZUL;4100;15/12/2025;BOMIS;VENTA  24/24  22/12/2025;sin existencias
BO 8 - 1;0,25 X 400;3001;ROJO;1308,66;15/12/2025;BOMIS;BODEGA  2  CABALLETES;activo
BO 8 - 2;0,25 X 400;3001;ROJO;1308,66;15/12/2025;BOMIS;BODEGA  2  CABALLETES;activo
BO 8 - 3;0,25 X 400;3001;ROJO;1308,66;15/12/2025;BOMIS;BODEGA  2  CABALLETES;activo
BO 9 - 1;0,59 X 400;9003;BLANCO;1372,66;15/12/2025;BOMIS;BODEGA  2  CANALES;sin existencias
BO 9 - 2;0,59 X 400;9003;BLANCO;1372,66;15/12/2025;BOMIS;VENTA 26/05/2026;sin existencias
BO 9 - 3;0,59 X 400;9003;BLANCO;1372,66;15/12/2025;BOMIS;BODEGA  2  CANALES;sin existencias
BO 10;0,33;3001;ROJO;3876;15/12/2025;BOMIS;MAQUILADO  TH  18/12/2025  PESO  INICIAL  (3876);sin existencias
BO 11;0,25;3001;ROJO;4508;15/12/2025;BOMIS;VENTA  24/24  22/01/2026;sin existencias
BO 12;0,25;3001;ROJO;4638;15/12/2025;BOMIS;VENTA  24/24  13/01/2026;sin existencias
BO 13;0,25;3001;ROJO;4688;15/12/2025;BOMIS;VENTA  24/24  13/01/2026;sin existencias
BO 14;0,25;3001;ROJO;4392;15/12/2025;BOMIS;MAQUILADO  TH  16/12/2025  PESO  INICIAL  (4392);sin existencias
BO 15 - 1;0,25 X 400;3001;ROJO;1288;15/12/2025;BOMIS;BODEGA  2  CABALLETES;activo
BO 15 - 2;0,25 X 400;3001;ROJO;1288;15/12/2025;BOMIS;BODEGA  2  CABALLETES;activo
BO 15 - 3;0,25 X 400;3001;ROJO;1288;15/12/2025;BOMIS;BODEGA  2  CABALLETES;activo
BO 16;0,39;3001;ROJO;4102;15/12/2025;BOMIS;MAQUILADO  TH  17/12/2025  PESO  INICIAL  (4102);sin existencias
BO 17;0,39;3001;ROJO;4160;15/12/2025;BOMIS;MAQUILADO  TH  18/12/2025  PESO  INICIAL  (4160);sin existencias
BO 18;0,33;5005;AZUL;4040;15/12/2025;BOMIS;CAMBIO  ARGEMIRO  20/12/2025;sin existencias
BO 19;0,25;3001;ROJO;4636;15/12/2025;BOMIS;VENTA  24/24  13/01/2026;sin existencias
BO 20;0,25;3001;ROJO;4532;15/12/2025;BOMIS;VENTA  24/24  13/01/2026;sin existencias
BO 21;0,25;3001;ROJO;4498;15/12/2025;BOMIS;MAQUILADO  TH  16/12/2025  PESO  INICIAL  (4498);sin existencias
BO 22;0,39;5005;AZUL;4174;15/12/2025;BOMIS;VENTA  CENTRY  18/12/2025;sin existencias
BO 23 - 1;0,25 X 400;5005;AZUL;1396;15/12/2025;BOMIS;BODEGA  2  CABALLETES;activo
BO 23 - 2;0,25 X 400;5005;AZUL;1396;15/12/2025;BOMIS;BODEGA  2  CABALLETES;activo
BO 23 - 3;0,25 X 400;5005;AZUL;1396;15/12/2025;BOMIS;BODEGA  2  CABALLETES;activo
BO 24 - 1;0,25 X 400;3001;ROJO;1316;15/12/2025;BOMIS;MAQUILADO  TH  11/05/2026;sin existencias
BO 24 - 2;0,25 X 400;3001;ROJO;1316;15/12/2025;BOMIS;MAQUILADO  TH  11/05/2026;destapado
BO 24 - 3;0,25 X 400;3001;ROJO;1316;15/12/2025;BOMIS;MAQUILADO  TH  11/05/2026;destapado
BO 25;0,39;5005;AZUL;4210;15/12/2025;BOMIS;VENTA  CUBIERTAS  Y  SUMINISTROS  16/12/2025  ;sin existencias
BO 26;0,25;3001;ROJO;4494;15/12/2025;BOMIS;VENTA  24/24  19/12/2025;sin existencias
BO 27;0,33;5005;AZUL;4072;15/12/2025;BOMIS;CAMBIO  ARGEMIRO  20/12/2025;sin existencias
BO 28;0,25;5005;AZUL;4438;15/12/2025;BOMIS;VENTA  24/24  19/12/2025;sin existencias
BO 29;0,39;9003;BLANCO;4200;15/12/2025;BOMIS;CAMBIO  ARGEMIRO  GALEANO  29/01/2026;sin existencias
BO 30;0,25;3001;ROJO;4516;15/12/2025;BOMIS;MAQUILADO  TH  17/12/2025  PESO  INICIAL  (4516);sin existencias
BO 31;0,39;5005;AZUL;4110;15/12/2025;BOMIS;VENTA  CUBIERTAS  Y  SUMINISTROS  16/12/2025  ;sin existencias
BO 32;0,39;9003;BLANCO;4178;15/12/2025;BOMIS;MAQUILADO  TH  15/01/2026  PESO  INICIAL  (4178);sin existencias
BO 33;0,25;5005;AZUL;4470;15/12/2025;BOMIS;MAQUILADO  TH  19/12/2025  PESO  INICIAL  (4470);sin existencias
BO 34;0,25;3001;ROJO;4518;15/12/2025;BOMIS;VENTA  24/24  22/01/2026;sin existencias
BO 35 - 1;0,59 X 400;9003;BLANCO;1330;15/12/2025;BOMIS;BODEGA  2  CANALES;activo
BO 35 - 2;0,59 X 400;9003;BLANCO;1330;15/12/2025;BOMIS;BODEGA  2  CANALES;activo
BO 35 - 3;0,59 X 400;9003;BLANCO;1330;15/12/2025;BOMIS;BODEGA  2  CANALES;activo
BO 36;0,25;5005;AZUL;4174;15/12/2025;BOMIS;VENTA  24/24  19/12/2025;sin existencias
BO 37;0,39;9003;BLANCO;4154;15/12/2025;BOMIS;VENTA  JORGE  ACOSTA  20/01/2026;sin existencias
BO 38 - 1;0,59 X 400;9003;BLANCO;1399,33;15/12/2025;BOMIS;BODEGA  2  CANALES;activo
BO 38 - 2;0,59 X 400;9003;BLANCO;1399,33;15/12/2025;BOMIS;BODEGA  2  CANALES;activo
BO 38 - 3;0,59 X 400;9003;BLANCO;1399,33;15/12/2025;BOMIS;BODEGA  2  CANALES;activo
BO 39;0,25  400 X 3;5005;AZUL;3880;15/12/2025;BOMIS;MAQUILADO  TH  06/02/2026  ;sin existencias
BO 39 -1;0,25 X 400;5005;AZUL;1277;6/02/2026;;;sin existencias
BO 39 - 2;0,25 X 400;5005;AZUL;1277;6/02/2026;;;sin existencias
BO 39 - 1;0,25 X 400;5005;AZUL;1277;6/02/2026;;;sin existencias
BO 40;0,25;5005;AZUL;4448;15/12/2025;BOMIS;VENTA  24/24  19/12/2025;sin existencias
BO 41;0,33;5005;AZUL;4106;15/12/2025;BOMIS;VENTA  24/24  22/12/2025;sin existencias
BO 42;0,39;5005;AZUL;4128;15/12/2025;BOMIS;VENTA  FERRECANALES  15/12/2025;sin existencias
BO 43;0,25;5005;AZUL;4430;15/12/2025;BOMIS;MAQUILADO  TH  19/12/2025  PESO  INICIAL  (4430);sin existencias
BO 44;0,33;5005;AZUL;649;15/12/2025;BOMIS;MAQUILADO  TH  17/12/2025  PESO  INICIAL  (4134);sin existencias
BO 45;0,25;3001;ROJO;4638;15/12/2025;BOMIS;VENTA  24/24  22/01/2026;sin existencias
BO 46;0,25;3001;ROJO;4506;15/12/2025;BOMIS;VENTA  24/24/  22/12/2025;sin existencias
BO 47;0,25;3001;ROJO;4522;15/12/2025;BOMIS;VENTA  24/24/  22/12/2025;sin existencias
BO 48 - 1;0,59 X 400;9003;BLANCO;1325,33;15/12/2025;BOMIS;BODEGA  2  CANALES;activo
BO 48 - 2;0,59 X 400;9003;BLANCO;1325,33;15/12/2025;BOMIS;BODEGA  2  CANALES;activo
BO 48 - 3;0,59 X 400;9003;BLANCO;1325,33;15/12/2025;BOMIS;BODEGA  2  CANALES;activo
BO 49;0,25;3001;ROJO;4394;15/12/2025;BOMIS;VENTA  24/24  19/12/2025;sin existencias
BO 50;0,25;3001;ROJO;4494;15/12/2025;BOMIS;VENTA  24/24  19/12/2025;sin existencias
BO 51;0,25;5005;AZUL;4436;15/12/2025;BOMIS;VENTA  24/24  19/12/2025;sin existencias
BO 52;0,25;3001;ROJO;4446;15/12/2025;BOMIS;MAQUILADO  HERMIS  02/02/2026;sin existencias
BO 53;0,25;3001;ROJO;4460;15/12/2025;BOMIS;MAQUILADO  TH  17/12/2025  PESO  INICIAL  (4460);sin existencias
BO 54;0,39;9003;BLANCO;4088;15/12/2025;BOMIS;CAMBIO  ARGEMIRO  GALEANO  29/01/2026;sin existencias
BO 55;0,39;55005;AZUL;4130;15/12/2025;BOMIS;VENTA  FERRECANALES  15/12/2025;sin existencias
BO 56 - 1;0,25 X 400;5005;AZUL;1313,33;15/12/2025;BOMIS;BODEGA  2  CABALLETES;activo
BO 56 - 2;0,25 X 400;5005;AZUL;1313,33;15/12/2025;BOMIS;BODEGA  2  CABALLETES;activo
BO 56 - 3;0,25 X 400;5005;AZUL;1313,33;15/12/2025;BOMIS;BODEGA  2  CABALLETES;activo
BO 57;0,33;3001;ROJO;4056;15/12/2025;BOMIS;CAMBIO  ARGEMIRO  15/12/2025;sin existencias
BO 58;0,33;3001;ROJO;4128;15/12/2025;BOMIS;CAMBIO  ARGEMIRO  15/12/2025;sin existencias
BO 59;0,33;3001;ROJO;4134;15/12/2025;BOMIS;CAMBIO  ARGEMIRO  15/12/2025;sin existencias
BO 60;0,33;3001;ROJO;4116;15/12/2025;BOMIS;CAMBIO  ARGEMIRO  15/12/2025;sin existencias
BO 61;0,33;3001;ROJO;4062;15/12/2025;BOMIS;CAMBIO  ARGEMIRO  15/12/2025;sin existencias
BO 62;0,33;3001;ROJO;4082;15/12/2025;BOMIS;CAMBIO  ARGEMIRO  15/12/2025;sin existencias
BO 63;0,33;3001;ROJO;4040;15/12/2025;BOMIS;CAMBIO  ARGEMIRO  15/12/2025;sin existencias
BO 64;0,33;3001;ROJO;4112;15/12/2025;BOMIS;CAMBIO  ARGEMIRO  15/12/2025;sin existencias
BO 65 - 1;0,25 X 400;3001;ROJO;1396,66;17/12/2025;BOMIS;BODEGA  2  CABALLETES;activo
BO 65 - 2;0,25 X 400;3001;ROJO;1396,66;17/12/2025;BOMIS;BODEGA  2  CABALLETES;activo
BO 65 - 3;0,25 X 400;3001;ROJO;1396,66;17/12/2025;BOMIS;BODEGA  2  CABALLETES;activo
BO 66;0,39;3001;ROJO;4132;17/12/2025;BOMIS;MAQUILADO  ARGEMIRO  GALEANO  26/01/2026;sin existencias
BO 67;0,25;5005;AZUL;4444;17/12/2025;BOMIS;MAQUILADO  TH  19/12/2025  PESO  INICIAL  (4444);sin existencias
BO 68;0,25;5005;AZUL;4456;17/12/2025;BOMIS;MAUILADO  TH   14/01/2026  PESO  INICIAL  (4456) ;sin existencias
BO 69;0,25;3001;ROJO;4496;17/12/2025;BOMIS;VENTA  24/24  22/01/2026;sin existencias
BO 70;0,25;3001;ROJO;4630;17/12/2025;BOMIS;MAQUILADO  TH  27/01/2026  ;sin existencias
BO 71;0,25;3001;ROJO;4620;17/12/2025;BOMIS;MAQUILADO  HERMIS  02/02/2026;sin existencias
BO 72;0,39;3001;ROJO;4106;17/12/2025;BOMIS;VENTA  LA  IMPERIAL  17/01/2026;sin existencias
BO 73;0,39;3001;ROJO;572;17/12/2025;BOMIS;VENTA  LADY  SANCHEZ  26/01/2026;sin existencias
BO 74;0,25;3001;ROJO;4460;17/12/2025;BOMIS;VENTA  24/24/  22/12/2025;sin existencias
BO 75;0,25;3001;ROJO;4570;17/12/2025;BOMIS;VENTA  24/24  13/01/2026;sin existencias
BO 76;0,25;5005;AZUL;4400;17/12/2025;BOMIS;VENTA  24/24  22/12/2025;sin existencias
BO 77;0,25;5005;AZUL;4480;17/12/2025;BOMIS;MAQUILADO  TH  19/12/2025  PESO  INICIAL  (4480);sin existencias
AG 8;0,27;3001;ROJO;4216;17/01/2026;ARGEMIRO  GALEANO;VENTA  CENTRY  MARKET  17/01/2026;sin existencias
AG 9;0,27;3001;ROJO;4300;17/01/2026;ARGEMIRO  GALEANO;VENTA  CENTRY  MARKET  17/01/2026;sin existencias
SP 1;0,26;5015;AZUL;3181;19/01/2026;SUPPLY  ZONE;MAQUILADO  TH  07/02/2026  PESO  INICIAL  (4450);sin existencias
SP 2 ;0,26;5015;AZUL;4530;19/01/2026;SUPPLY  ZONE;VENTA  24/24  22/01/2026;sin existencias
SP 3;0,39;5017;AZUL;103;19/01/2026;SUPPLY  ZONE;MAQUILADO  TH  31/01/2026  PESO  INICIAL  (4438);sin existencias
SP 4;0,39;5017;AZUL;4142;19/01/2026;SUPPLY  ZONE;MAUILADO  TH  21/01/2026  PESO  INICIAL  (4142);sin existencias
SP 5;0,26;5015;AZUL;4595;19/01/2026;SUPPLY  ZONE;VENTA  24/24  22/01/2026;sin existencias
SP 6;0,26;5015;AZUL;4505;19/01/2026;SUPPLY  ZONE;VENTA  24/24  22/01/2026;sin existencias
SP 7;0,26;5015;AZUL;4540;19/01/2026;SUPPLY  ZONE;VENTA  24/24  22/01/2026;sin existencias
SP 8;0,39;5017;AZUL;4458;28/01/2026;SUPPLY  ZONE;CAMBIO  ARGEMIRO  05/02/2026;sin existencias
SP 9;0,39;5017;AZUL;4386;28/01/2026;SUPPLY  ZONE;CAMBIO  ARGEMIRO  05/02/2026;sin existencias
SP 10;0,34;5017;AZUL;4162;28/01/2026;SUPPLY  ZONE;VENTA  24/24  04/02/2026;sin existencias
SP 11;0,25;5015;AZUL;4585;28/01/2026;SUPPLY  ZONE;VENTA  24/24  04/02/2026;sin existencias
SP 12;0,39;5015;AZUL;4535;28/01/2026;SUPPLY  ZONE;VENTA  WILLIAM  ARTUNDUAGA  29/01/2026;sin existencias
SP 13;0,25;5017;AZUL;3750;28/01/2026;SUPPLY  ZONE;MAQUILADO  TH  29/01/2026  PESO  INICIAL  (3750);sin existencias
SP 14;0,39;5017;AZUL;4426;28/01/2026;SUPPLY  ZONE;VENTA  CENTRY  MARKET  04/02/2026;sin existencias
SP 15;0,25;5015;AZUL;4605;28/01/2026;SUPPLY  ZONE;VENTA  24/24  04/02/2026;sin existencias
SP 16;0,25;5015;AZUL;3280;9/04/2026;SUPPLY  ZONE;CAMBIO  ROLLO  BAEZ  17/04/2026 ;sin existencias
SP 17;0,26;5015;AZUL;4525;9/04/2026;SUPPLY  ZONE;DEVOLUCION  SUPPLY  ZONE  25/05/2026;sin existencias
SP 18;0,26;5015;AZUL;4615;9/04/2026;SUPPLY  ZONE;;activo
SP 19;0,25;5005;AZUL;3258;9/04/2026;SUPPLY  ZONE;DEVOLUCION  SUPPLY  ZONE  25/05/2026;sin existencias
SP 20;0,25;5015;AZUL;4490;9/04/2026;SUPPLY  ZONE;;activo
SP 21;0,25;5015;AZUL;4455;9/04/2026;SUPPLY  ZONE;;activo
SP 22;0,25;5015;AZUL;4400;9/04/2026;SUPPLY  ZONE;;activo
SP 23;0,25;5015;AZUL;4245;9/04/2026;SUPPLY  ZONE;;activo
AG 1;0,25;3001;ROJO;4616;30/01/2026;ARGEMIRO  GALEANO;VENTA  24/24  18/02/2026;sin existencias
AG 2;0,25;3001;ROJO;4246;30/01/2026;ARGEMIRO  GALEANO;VENTA  24/24  04/02/2026;sin existencias
AG 3;0,25;3001;ROJO;4236;30/01/2026;ARGEMIRO  GALEANO;VENTA  24/24  04/02/2026;sin existencias
AG 4;0,25;3001;ROJO;4208;30/01/2026;ARGEMIRO  GALEANO;VENTA  24/24  04/02/2026;sin existencias
AG 5;0,25;3001;ROJO;4290;30/01/2026;ARGEMIRO  GALEANO;VENTA  24/24  18/02/2026;sin existencias
AG 6;0,25;3001;ROJO;2786;2/02/2026;ARGEMIRO  GALEANO;MAQUILADO  TH  03/02/2026  PESO  INICIAL  (4332);sin existencias
AG 7;0,25;3001;ROJO;4530;2/02/2026;ARGEMIRO  GALEANO;VENTA  24/24  18/02/2026;sin existencias
JS 78;0,27;3001;ROJO;2908;5/02/2026;DEVOLUCION  FERRECANALES;MAQUILADO  TH  11/02/2026  PESO  INICIAL  (3420);sin existencias
AG 10;0,39;3001;ROJO;3398;11/02/2026;ARGEMIRO  GALEANO;MAQUILADO  TH  14/02/2026  PESO  INICIAL  (3744);sin existencias
AG 11;0,27;3001;ROJO;3534;11/02/2026;ARGEMIRO  GALEANO;VENTA  CENTRY  MARKET  17/02/2026;sin existencias
AG 12;0,27;3001;ROJO;4052;14/02/2026;ARGEMIRO  GALEANO;VENTA  CENTRY  MARKET  17/02/2026;sin existencias
AG 13;0,27;3001;ROJO;4078;14/02/2026;ARGEMIRO  GALEANO;VENTA  CENTRY  MARKET  17/02/2026;sin existencias
AG 14;0,39;3001;ROJO;4208;4/02/2026;ARGEMIRO  GALEANO;VENTA  CENTRY  MARKET  04/02/2026;sin existencias
AG 15;0,39;3001;ROJO;4282;4/02/2026;ARGEMIRO  GALEANO;VENTA  CENTRY  MARKET  04/02/2026;sin existencias
AG 16;0,33;3001;ROJO;4040;2/03/2026;ARGEMIRO  GALEANO;VENTA  24/24  12/03/2026;sin existencias
AG 17;0,27;3001;ROJO;3986;3/03/2026;ARGEMIRO  GALEANO;VENTA  CENTRY  MARKET  04/03/2026;sin existencias
AG 18;0,27;3001;ROJO;4082;5/03/2026;ARGEMIRO  GALEANO;VENTA  CENTRY  MARKET  05/03/2026;sin existencias
AG 19;0,27;3001;ROJO;4190;6/03/2026;ARGEMIRO  GALEANO;VENTA  CENTRY  MARKET  07/03/2026;sin existencias
AG 20;0,27;3001;ROJO;4074;6/03/2026;ARGEMIRO  GALEANO;VENTA  CENTRY  MARKET  07/03/2026;sin existencias
AG 21;0,27;3001;ROJO;3982;6/03/2026;ARGEMIRO  GALEANO;VENTA  CENTRY  MARKET  07/03/2026;sin existencias
AG 22;0,39;5005;AZUL;4478;31/03/2026;ARGEMIRO  GALEANO;VENTA  CENTRY  MARKET  30/03/2026;sin existencias
AG 23;0,39;3001;ROJO;3704;31/03/2026;ARGEMIRO  GALEANO;VENTA  CENTRY  MARKET  31/03/2026;sin existencias
AG 24;0,39;3001;ROJO;3588;20/05/2026;ARGEMIRO  GALEANO;VENTA  BC  20/05/2026;sin existencias
AG 25;0,33;3001  WOOD;ROJO  MADERA;4108;22/05/2026;ARGEMIRO  GALEANO;VENTA  FERRECANALES  26/05/2026;sin existencias
AG 26;0,39;3001;ROJO;3774;22/05/2026;ARGEMIRO  GALEANO;VENTA  FERRECANALES  26/05/2026;sin existencias
AG 27;0,39;9003;BLANCO;3520;27/05/2026;ARGEMIRO  GALEANO;MAQUILADO  TH  27/05/2026  PESO  INICIAL  (3520);sin existencias
AG 28;0,39;3001;ROJO;4498;28/05/2026;ARGEMIRO  GALEANO;VENTA  CENTRY  MARKET  28/05/2026;sin existencias
AG 29;0,39;3001;ROJO;4310;28/05/2026;ARGEMIRO  GALEANO;VENTA  CENTRY  MARKET  28/05/2026;sin existencias
AG 30;0,33;5005;AZUL;4202;29/05/2026;ARGEMIRO  GALEANO;VENTA  24/24  06/06/2026;sin existencias
AG 31;0,33;5005;AZUL;4210;29/05/2026;ARGEMIRO  GALEANO;VENTA  FABIAN  MUÑOZ  30/05/2026  ;sin existencias
AG 32;0,33;5005;AZUL;4158;29/05/2026;ARGEMIRO  GALEANO;SEPARADO  ALFA  Y  OMEGA  09/06/2026;activo
AG 33;0,39;6005;VERDE;4584;29/05/2026;ARGEMIRO  GALEANO;MAQUILADO  TH  04/06/2026  PESO  INICIAL  (4584);sin existencias
AG 34;0,33;3001;ROJO;4134;29/05/2026;ARGEMIRO  GALEANO;SEPARADO  ALFA  Y  OMEGA  09/06/2026;activo
AG 35;0,33;5005;AZUL;4144;29/05/2026;ARGEMIRO  GALEANO;VENTA  24/24  06/06/2026;sin existencias
AG 36;0,39;6005;VERDE;4542;29/05/2026;ARGEMIRO  GALEANO;MAQUILADO  TH  04/06/2026  PESO  INICIAL  (4542);sin existencias
AG 37;0,33;3001;ROJO;4132;29/05/2026;ARGEMIRO  GALEANO;VENTA  24/24  06/06/2026;sin existencias
AG 38;0,33;3001;ROJO;4152;29/05/2026;ARGEMIRO  GALEANO;;activo
AG 39;0,33;3001;ROJO;4306;29/05/2026;ARGEMIRO  GALEANO;VENTA  24/24  06/06/2026;sin existencias
AG 40;0,39;3001;ROJO;3452;6/06/2026;ARGEMIRO  GALEANO;VENTA  TEJAS  Y  HOJALATAS  09/06/2026;sin existencias
AG 41;0,39;5005;AZUL;4430;6/06/2026;ARGEMIRO  GALEANO;VENTA  TEJAS  Y  PERFILES  10/06/2026;sin existencias
AG 42;0,39;3001;ROJO;4190;9/06/2026;ARGEMIRO  GALEANO;COTIZADO  LOS GEMELOS  10/06/2026  JORGE ACOSTA;activo
AG 43;0,39;3001;ROJO;4212;9/06/2026;ARGEMIRO  GALEANO;;activo
AG 44;0,39;3001;ROJO;4132;9/06/2026;ARGEMIRO  GALEANO;VENTA  CENTRY  MARKET  10/06/2026;sin existencias
AG 45;0,39;3001;ROJO;4120;9/06/2026;ARGEMIRO  GALEANO;VENTA  CENTRY  MARKET  10/06/2026;sin existencias
AG 46;0,39;3001;ROJO;4136;9/06/2026;ARGEMIRO  GALEANO;;activo
3B 1;0,39;5005;AZUL;1043;13/02/2026;HERMIS;MAQUILADO  TH  14/02/2026  PESO  INICIAL  (4616);sin existencias
3B 2;0,39;5005;AZUL;4734;16/02/2026;HERMIS;MAQUILADO  TH  16/02/2026  PESO  INICIAL  (4734);sin existencias
3B 3;0,33;3001;ROJO;4320;14/04/2026;HERMIS;VENTA  ALFA  Y  OMEGA  18/04/2026;sin existencias
BE 1;0,25;3001;ROJO;4470;14/02/2026;BELFOR;VENTA  24/24  18/02/2026;sin existencias
BE 2;0,25;3001;ROJO;4576;14/02/2026;BELFOR;VENTA  24/24  18/02/2026;sin existencias
BE 3;0,25;3001;ROJO;4516;14/02/2026;BELFOR;VENTA  24/24  18/02/2026;sin existencias
BE 4;0,33;5010;AZUL;4166;4/03/2026;BELFOR;VENTA  24/24  09/03/2026;sin existencias
BE 5;0,33;5010;AZUL;4220;4/03/2026;BELFOR;VENTA  CENTRY  MARKET  12/03/2026;sin existencias
BE 6;0,33;3001;ROJO;4274;4/03/2026;BELFOR;MAQUILADO  TH  13/03/2026  PESO  INICIAL  (4274);sin existencias
BE 7;0,33;3001;ROJO;4194;4/03/2026;BELFOR;MAQUILADO  TH  13/03/2026  PESO  INICIAL  (4194);sin existencias
BO 87;0,33;8004;TERRACOTA TEXTURIZADO;4530;19/02/2026;BOMIS;MAQUILADO  TH  07/04/2026  PESO  INICIAL  (4530);destapado
BO 88;0,25;3001;ROJO;3970;19/02/2026;BOMIS;MAQUILADO  TH  19/02/2026  PESO  INICIAL  (3970);sin existencias
BO 89;0,39;3001;ROJO;4638;19/02/2026;BOMIS;VENTA  CENTRY  MARKET  10/03/2026;sin existencias
BO 90 - 1;0,25 X 400 ;3001;ROJO;1314,34;19/02/2026;BOMIS;BODEGA  2  CABALLETES;activo
BO 90 - 2;0,25 X 400 ;3001;ROJO;1314,34;19/02/2026;BOMIS;BODEGA  2  CABALLETES;activo
BO 90 - 3;0,25 X 400 ;3001;ROJO;1314,34;19/02/2026;BOMIS;BODEGA  2  CABALLETES;activo
BO 91;0,39;3001;ROJO;4613;19/02/2026;BOMIS;"VENTA  WILLIAM  ARTUNDUAGA  ""FORJAR""  18/04/2026  ";sin existencias
BO 92 - 1;0,25 X 400 ;5005;AZUL;1315,67;19/02/2026;BOMIS;MAQUILADO  TH  18/03/2026 ;sin existencias
BO 92 - 2;0,25 X 400 ;5005;AZUL;1315,67;19/02/2026;BOMIS;MAQUILADO  TH  18/03/2026 ;sin existencias
BO 92 - 3;0,25 X 400 ;5005;AZUL;1315,67;19/02/2026;BOMIS;MAQUILADO  TH  18/03/2026 ;destapado
BO 93;0,39;5005;AZUL;4510;19/02/2026;BOMIS;VENTA  CENTRY  MARKET  28/02/2026;sin existencias
BO 94 - 1;0,25 X 400 ;3001;ROJO;1312,34;19/02/2026;BOMIS;MAQUILADO  TH  18/03/2026 ;sin existencias
BO 94 - 2;0,25 X 400 ;3001;ROJO;1312,34;19/02/2026;BOMIS;MAQUILADO  TH  18/03/2026 ;destapado
BO 94 - 3;0,25 X 400 ;3001;ROJO;1312,34;19/02/2026;BOMIS;MAQUILADO  TH  18/03/2026 ;destapado
BO 95;0,25;3001;ROJO;4012;20/02/2026;BOMIS;VENTA  24/24  10/04/2026;sin existencias
BO 96;0,33;3001;ROJO;4553;20/02/2026;BOMIS;VENTA  PERFILAM  24/02/2026;sin existencias
BO 97;0,33;5005;AZUL;4531;20/02/2026;BOMIS;VENTA  NOVALTECHOS  25/02/2026;sin existencias
BO 98;0,33;3001;ROJO;4193;20/02/2026;BOMIS;VENTA  NOVALTECHOS  25/02/2026;sin existencias
BO 99;0,33;5005;AZUL;3702;20/02/2026;BOMIS;VENTA  NOVALTECHOS  25/02/2026;sin existencias
BO 100;0,25;3001;ROJO;4001;20/02/2026;BOMIS;MAQUILADO  TH  22/04/2026  PESO  INICIAL  (4001);sin existencias
BO 101;0,33;5005;AZUL;5030;20/02/2026;BOMIS;VENTA  PERFILAM  24/02/2026;sin existencias
BO 102;0,25;3001;ROJO;3900;20/02/2026;BOMIS;MAQUILADO  TH  08/04/2026  PESO  INICIAL  (3900);sin existencias
BO 103;0,25;3001;ROJO;3934;20/02/2026;BOMIS;VENTA  NOVALTECHOS  25/03/2026;sin existencias
BO 104;0,33;5005;AZUL;4641;20/02/2026;BOMIS;VENTA  LADY  SANCHEZ   24/02/2026 ;sin existencias
BO 105;0,25;3001;ROJO;3844;20/02/2026;BOMIS;VENTA  24/24  25/03/2026;sin existencias
BO 106;0,25;9003;BLANCO;3700;20/02/2026;BOMIS;BODEGA 2;activo
BO 107;0,33;6001;VERDE;4520;20/02/2026;BOMIS;VENTA  PERFILAM  24/02/2026;sin existencias
BO 108;0,39;9003;BLANCO;4470;20/02/2026;BOMIS;VENTA  NOVALTECHOS  20/02/2026;sin existencias
BO 109;0,39;9003;BLANCO;4506;20/02/2026;BOMIS;VENTA  NOVALTECHOS  20/02/2026;sin existencias
BO 110;0,39;9003;BLANCO;4478;20/02/2026;BOMIS;VENTA  NOVALTECHOS  20/02/2026;sin existencias
BO 111 - 1;0,69 X 400;9003;BLANCO;1310,66;20/02/2026;BOMIS;BODEGA  2  CANALES;activo
BO 111 - 2;0,69 X 400;9003;BLANCO;1310,66;20/02/2026;BOMIS;BODEGA  2  CANALES;activo
BO 111 - 3;0,69 X 400;9003;BLANCO;1310,66;20/02/2026;BOMIS;BODEGA  2  CANALES;activo
BO 112;0,39;9003;BLANCO;4478;20/02/2026;BOMIS;VENTA  NOVALTECHOS  20/02/2026;sin existencias
BO 113;0,39;5005;AZUL;4568;20/02/2026;BOMIS;VENTA  CENTRY  MARKET  28/02/2026;sin existencias
BO 114;0,39;5005;AZUL;4541;20/02/2026;BOMIS;VENTA  FABRITEJAS  CAQUETA  26/03/2026;sin existencias
BO 115;0,25;3001;ROJO;3884;20/02/2026;BOMIS;VENTA  24/24  25/03/2026;sin existencias
BO 116;0,25;3001;ROJO;3826;20/02/2026;BOMIS;VENTA  24/24  25/03/2026;sin existencias
BO 117;0,25;3001;ROJO;3947;20/02/2026;BOMIS;;activo
BO 118;0,39;9003;BLANCO;4522;20/02/2026;BOMIS;VENTA  FERRECANALES  20/02/2026;sin existencias
BO 119;0,33;6001;VERDE;4461;20/02/2026;BOMIS;VENTA  FABRITEJAS  28/02/2026;sin existencias
BO 120;0,39;3001;ROJO;4491;20/02/2026;BOMIS;VENTA  CENTRY  MARKET  28/02/2026;sin existencias
BO 121;0,33;5005;AZUL;4547;20/02/2026;BOMIS;VENTA  NOVALTECHOS  25/02/2026;sin existencias
BO 122;0,33;5005;AZUL;4560;20/02/2026;BOMIS;VENTA  24/24  12/03/2026;sin existencias
BO 123;0,33;5005;AZUL;4540;20/02/2026;BOMIS;VENTA  FERRECANALES  20/02/2026;sin existencias
BO 124;0,39;3001;ROJO;4543;20/02/2026;BOMIS;VENTA  ARTUNDUAGA  04/03/2026;sin existencias
BO 125;0,33;3001;ROJO;4608;20/02/2026;BOMIS;VENTA  PERFILAM  24/02/2026;sin existencias
BO 126;0,25;5005;AZUL;4023;20/02/2026;BOMIS;MAQUILADO  TH  21/02/2026  PESO  INICIAL  (4023);sin existencias
BO 127;0,25;3001;ROJO;3835;20/02/2026;BOMIS;VENTA  24/24  25/03/2026;sin existencias
BO 128 - 1;0,59 X 400;9003;BLANCO;1480;20/02/2026;BOMIS;BODEGA  2  CANALES;activo
BO 128 - 2;0,59 X 400;9003;BLANCO;1480;20/02/2026;BOMIS;BODEGA  2  CANALES;activo
BO 128 - 3;0,59 X 400;9003;BLANCO;1480;20/02/2026;BOMIS;BODEGA  2  CANALES;activo
BO 129;0,33;6001;VERDE;4516;20/02/2026;BOMIS;MAQUILADO  TH  25/02/2026  PESO  INICIAL  (4516);sin existencias
BO 130;0,33;3001;ROJO;4739;20/02/2026;BOMIS;VENTA  24/24  09/03/2026;sin existencias
BO 131;0,25;3001;ROJO;3978;20/02/2026;BOMIS;VENTA  NOVALTECHOS  25/03/2026;sin existencias
BO 132;0,39;3001;ROJO;4636;20/02/2026;BOMIS;VENTA  ALFA  Y  OMEGA  07/03/2026;sin existencias
BO 133 - 1;0,69 X 400;9003;BLANCO;1334;20/02/2026;BOMIS;BODEGA  2  CANALES;activo
BO 133 - 2;0,69 X 400;9003;BLANCO;1334;20/02/2026;BOMIS;BODEGA  2  CANALES;activo
BO 133 - 3;0,69 X 400;9003;BLANCO;1334;20/02/2026;BOMIS;BODEGA  2  CANALES;activo
BO 134;0,33;3001;ROJO;4553;20/02/2026;BOMIS;VENTA  NOVALTECHOS  25/02/2026;sin existencias
BO 135;0,25;5005;AZUL;3931;20/02/2026;BOMIS;VENTA  24/24  23/02/2026;sin existencias
BO 136;0,25;3001;ROJO;3883;20/02/2026;BOMIS;VENTA  24/24  25/03/2026;sin existencias
BO 137;0,33;3001;ROJO;4753;20/02/2026;BOMIS;VENTA  CENTRY  MARKET  28/02/2026;sin existencias
BO 138;0,33;3001;ROJO;4617;20/02/2026;BOMIS;VENTA  CENTRY  MARKET  28/02/2026;sin existencias
BO 139;0,25;3001;ROJO;4209;20/02/2026;BOMIS;CAMBIO  BELFOR  04/03/2026;sin existencias
BO 140 - 1;0,59 X 400;9003;BLANCO;1474,33;20/02/2026;BOMIS;BODEGA  2  CANALES;activo
BO 140 - 2;0,59 X 400;9003;BLANCO;1474,33;20/02/2026;BOMIS;BODEGA  2  CANALES;activo
BO 140 - 3;0,59 X 400;9003;BLANCO;1474,33;20/02/2026;BOMIS;BODEGA  2  CANALES;activo
BO 141;0,39;3001;ROJO;4621;20/02/2026;BOMIS;VENTA  ALFA  Y  OMEGA  20/03/2026;sin existencias
BO 142;0,39;5005;AZUL;4564;20/02/2026;BOMIS;MAQUILADO  TH  25/02/2026  PESO  INICIAL  (4564);sin existencias
BO 143;0,33;3001  WOOD;ROJO  MADERA;4440;20/02/2026;BOMIS;VENTA  CRISTIAN  VELAZQUEZ  27/03/2026;sin existencias
BO 144 - 1;0,59 X 400;9003;BLANCO;1465;20/02/2026;BOMIS;BODEGA  2  CANALES;activo
BO 144 - 2;0,59 X 400;9003;BLANCO;1465;20/02/2026;BOMIS;BODEGA  2  CANALES;activo
BO 144 - 3;0,59 X 400;9003;BLANCO;1465;20/02/2026;BOMIS;BODEGA  2  CANALES;activo
BO 145;0,33;8004;TERRACOTA TEXTURIZADO;4422;20/02/2026;BOMIS;VENTA  PYL  CONTRUCTORES  09/04/2026;sin existencias
BO 146;0,39;3001;ROJO;4493;20/02/2026;BOMIS;VENTA  PERFILAM Y ACEROS  14/04/2026;sin existencias
BO 147;0,39;3001;ROJO;4716;20/02/2026;BOMIS;VENTA  FERRECANALES  20/02/2026;sin existencias
BO 148;0,33;3001;ROJO;4541;20/02/2026;BOMIS;VENTA  NOVALTECHOS  25/02/2026;sin existencias
BO 149;0,25;5005;AZUL;4100;20/02/2026;BOMIS;MAQUILADO  TH  24/02/2026  PESO  INICIAL  (4100);sin existencias
BO 150;0,25;3001;ROJO;4003;20/02/2026;BOMIS;MAQUILADO  TH  20/03/2026  PESO  INICIAL  (4003);sin existencias
BO 151;0,25;3001;ROJO;3992;20/02/2026;BOMIS;MAQUILADO  TH  31/03/2026  PESO  INICIAL  (33992);sin existencias
BO 152;0,25;5005;AZUL;3818;20/02/2026;BOMIS;VENTA  24/24 23/02/2026;sin existencias
BO 153;0,39;5005;AZUL;4529;20/02/2026;BOMIS;VENTA  BC  09/04/2026;sin existencias
BO 154;0,39;5005;AZUL;4540;20/02/2026;BOMIS;MAQUILADO  TH  17/03/2026  PESO  INICIAL  (4540);sin existencias
BO 155;0,39;5005;AZUL;4570;20/02/2026;BOMIS;VENTA  CENTRY  MARKET  10/03/2026;sin existencias
BO 156;0,39;5005;AZUL;4549;20/02/2026;BOMIS;VENTA  FABRITEJAS  CAQUETA  26/03/2026;sin existencias
BO 157;0,39;5005;AZUL;4500;20/02/2026;BOMIS;VENTA  FERRECANALES  20/02/2026;sin existencias
BO 158;0,39;5005;AZUL;4560;20/02/2026;BOMIS;VENTA  FERRECANALES  20/02/2026;sin existencias
BO 159 - 1;0,69 X 400;9003;BLANCO;1336;21/02/2026;BOMIS;BODEGA  2  CANALES;activo
BO 159 - 2;0,69 X 400;9003;BLANCO;1336;21/02/2026;BOMIS;BODEGA  2  CANALES;activo
BO 159 - 3;0,69 X 400;9003;BLANCO;1336;21/02/2026;BOMIS;BODEGA  2  CANALES;activo
BO 160;0,25;5005;AZUL;3943;21/02/2026;BOMIS;MAQUILADO  TH  21/02/2026  PESO  INICIAL  (3943);sin existencias
BO 161;0,39;3001;ROJO;4461;21/02/2026;BOMIS;VENTA  FERRECANALES  21/02/2026;sin existencias
BO 162;0,70  X  1200;9003;BLANCO;4380;21/02/2026;BOMIS;MAQUILADO  HERMIS  03/03/2026;sin existencias
BO 163;0,39;3001;ROJO;4257;21/02/2026;BOMIS;VENTA  WILLIAM  ARTUNDUAGA  27/03/2026;sin existencias
BO 164;0,33;8004;TERRACOTA TEXTURIZADO;4616;21/02/2026;BOMIS;CAMBIO  ARGEMIRO  GALEANO  02/03/2026;sin existencias
BO 165;0,25;6001;VERDE;4093;21/02/2026;BOMIS;BODEGA 2;activo
BO 166;0,39;6001;VERDE;4587;21/02/2026;BOMIS;MAQUILADO  TH  25/02/2026  PESO  INICIAL  (4587);sin existencias
BO 167;0,25;3001;ROJO;4073;21/02/2026;BOMIS;VENTA  BAEZ  24/02/2026;sin existencias
BO 168;0,25;3001;ROJO;3992;21/02/2026;BOMIS;COTIZADO  LADY  SANCHEZ  20/05/2026  ABONO;activo
BO 169;0,25;3001;ROJO;3986;21/02/2026;BOMIS;MAQUILADO  TH  30/03/2026  PESO  INICIAL  (3986);sin existencias
BO 170;0,33;5005;AZUL;4547;21/02/2026;BOMIS;VENTA  NOVALTECHOS  25/02/2026;sin existencias
BO 171;0,39;9003;BLANCO;4503;21/02/2026;BOMIS;MAQUILADO  TH  25/02/2026  PESO  INICIAL  (4503);sin existencias
BO 172;0,39;6001;VERDE;4595;21/02/2026;BOMIS;VENTA  PERFILAM  24/02/2026;sin existencias
BO 173;0,33;3001  WOOD;ROJO  MADERA;4490;21/02/2026;BOMIS;CAMBIOS  ARGEMIRO  GALEANO  25/02/2026;sin existencias
BO 174;0,33;3001  WOOD;ROJO  MADERA;4482;21/02/2026;BOMIS;TAPAS  AVERIADAS  CAMBIOS  ARGEMIRO  GALEANO  25/02/2026;sin existencias
BO 175;0,33;5005;AZUL;4580;21/02/2026;BOMIS;VENTA  24/24  23/02/2026;sin existencias
BO 176;0,39;3001;ROJO;4503;21/02/2026;BOMIS;TEJAS  Y  PERFILES  LOS  GEMELOS  25/03/2026;sin existencias
BO 177;0,33;6001;VERDE;4603;21/02/2026;BOMIS;VENTA  FABRITEJAS  28/02/2026;sin existencias
BO 178;0,33;8004;TERRACOTA TEXTURIZADO;4652;21/02/2026;BOMIS;CAMBIO  ARGEMIRO  GALEANO  02/03/2026;sin existencias
BO 179;0,39;3001;ROJO;4597;21/02/2026;BOMIS;MAQUILADO  TH  26/02/2026  PESO  INICIAL  (4597);sin existencias
BO 180;0,33;5005;AZUL;4490;21/02/2026;BOMIS;VENTA  24/24  23/02/2026;sin existencias
BO 181;0,33;5005;AZUL;4553;21/02/2026;BOMIS;MAQUILADO  TH  25/02/2026  PESO  INICIAL  (4553);sin existencias
BO 182;0,25;5005;AZUL;3918;23/02/2026;BOMIS;VENTA  CENTRY  MARKET  23/02/2026;sin existencias
BO 183;0,25;3001;ROJO;3883;23/02/2026;BOMIS;VENTA  CENTRY  MARKET  23/02/2026;sin existencias
BO 184;0,25;3001;ROJO;3900;23/02/2026;BOMIS;VENTA  CENTRY  MARKET  23/02/2026;sin existencias
BO 185;0,25;5005;AZUL;3820;23/02/2026;BOMIS;VENTA  CENTRY  MARKET  23/02/2026;sin existencias
BO 186;0,25;3001;ROJO;3920;23/02/2026;BOMIS;VENTA  CENTRY  MARKET  23/02/2026;sin existencias
BO 187;0,25;3001;ROJO;3974;23/02/2026;BOMIS;VENTA  CENTRY  MARKET  23/02/2026;sin existencias
BO 188;0,25;3001;ROJO;3933;23/02/2026;BOMIS;VENTA  CENTRY  MARKET  23/02/2026;sin existencias
BO 189;0,25;5005;AZUL;3951;23/02/2026;BOMIS;VENTA  CENTRY  MARKET  23/02/2026;sin existencias
BO 190;0,39;5005;AZUL;4532;23/02/2026;BOMIS;VENTA  CENTRY  MARKET  23/02/2026;sin existencias
BO 191;0,25;9003;BLANCO;3636;23/02/2026;BOMIS;BODEGA 2;activo
BO 192;0,39;5005;AZUL;4554;23/02/2026;BOMIS;VENTA  ARTUNDUAGA  04/03/2026;sin existencias
BO 193;0,39;5005;AZUL;4582;23/02/2026;BOMIS;VENTA  BC  10/04/2026;sin existencias
BO 194;0,33;8004;TERRACOTA TEXTURIZADO;4462;23/02/2026;BOMIS;SEPARADO  24/24  09/06/2026;activo
BO 195;0,33;9003;BLANCO;4514;23/02/2026;BOMIS;DEVOLUCION  ARGEMIRO GALEANO  23/02/2026;sin existencias
BO 196;0,33;9003;BLANCO;4496;23/02/2026;BOMIS;DEVOLUCION  ARGEMIRO GALEANO  23/02/2026;sin existencias
BO 197;0,39;6001;VERDE;4564;23/02/2026;BOMIS;DEVOLUCION  ARGEMIRO GALEANO  23/02/2026;sin existencias
BO 198;0,39;6001;VERDE;4541;23/02/2026;BOMIS;DEVOLUCION  ARGEMIRO GALEANO  23/02/2026;sin existencias
BO 199;0,39;9003;BLANCO;4463;23/02/2026;BOMIS;DEVOLUCION  ARGEMIRO GALEANO  23/02/2026;sin existencias
BO 200;0,39;9003;BLANCO;4355;23/02/2026;BOMIS;DEVOLUCION  ARGEMIRO GALEANO  23/02/2026;sin existencias
BO 201;0,33;3001  WOOD;ROJO  MADERA;4482;23/02/2026;BOMIS;DEVOLUCION  ARGEMIRO GALEANO  23/02/2026;sin existencias
BO 202;0,33;3001  WOOD;ROJO  MADERA;4500;23/02/2026;BOMIS;DEVOLUCION  ARGEMIRO GALEANO  23/02/2026;sin existencias
BO 203;0,25;3001;ROJO;3978;23/02/2026;BOMIS;CAMBIO  BELFOR  04/03/2026;sin existencias
BO 204;0,25;3001;ROJO;3921;23/02/2026;BOMIS;MAQUILADO  TH  20/03/2026  PESO  INICIAL  (3921);sin existencias
BO 205;0,25;3001;ROJO;3986;23/02/2026;BOMIS;MAQUILADO  TH  11/03/2026;sin existencias
BO 206;0,25;3001;ROJO;3883;23/02/2026;BOMIS;VENTA  24/24  09/03/2026;sin existencias
BO 207;0,25;3001;ROJO;3992;23/02/2026;BOMIS;VENTA  24/24  09/03/2026;sin existencias
BO 208;0,33;3001;ROJO;3374;23/02/2026;BOMIS;VENTA  24/24  12/03/2026;sin existencias
BO 209;0,33;3001;ROJO;3835;23/02/2026;BOMIS;VENTA  NOVALTECHOS  25/02/2026;sin existencias
BO 210;0,25;3001;ROJO;3921;23/02/2026;BOMIS;MAQUILADO  TH  12/03/2026;sin existencias
BO 211;0,25;3001;ROJO;3843;23/02/2026;BOMIS;MAQUILADO  TH  11/03/2026;sin existencias
BO 212;0,25;6001;VERDE;3750;23/02/2026;BOMIS;MAQUILADO  TH  26/02/2026  PESO  INICIAL  (3750);sin existencias
BO 213;0,25;5005;AZUL;3962;23/02/2026;BOMIS;VENTA  24/24  23/02/2026;sin existencias
BO 214;0,25;6001;VERDE;3670;23/02/2026;BOMIS;MAQUILADO  TH  22/05/2026  PESO  INICIAL  (3670);sin existencias
BO 215;0,25;3001;ROJO;4012;23/02/2026;BOMIS;CAMBIO  BELFOR  04/03/2026;sin existencias
BO 216;0,70  X  1200;9003;BLANCO;4291;23/02/2026;BOMIS;VENTA  CRISTOBAL  04/03/2026;sin existencias
BO 217;0,39;9003;BLANCO;4520;23/02/2026;BOMIS;VENTA  PERFILAM  24/02/2026;sin existencias
BO 218;0,70 X 1200;9003;BLANCO;4398;23/02/2026;BOMIS;MAQUILADO  HERMIS  29/05/2026;sin existencias
BO 219;0,25;9003;BLANCO;3745;23/02/2026;BOMIS;MAQUILADO  TH  22/05/2026  PESO  INICIAL  (3745);sin existencias
BO 220;0,39;9003;BLANCO;4504;23/02/2026;BOMIS;MAQUILADO  TH  13/03/2026  PESO  INICIAL  (4504);sin existencias
BO 221;0,70  X  1200;9003;BLANCO;4380;23/02/2026;BOMIS;CAMBIO  ROLLO  HERMIS  14/04/2026  POR  ROLLO  ROJO 0,33 (4320 KL);sin existencias
BO 222 - 1;0,25 X 400;3001;ROJO;1319,66;23/02/2026;BOMIS;BODEGA  2  CABALLETES;activo
BO 222 - 2;0,25 X 400;3001;ROJO;1319,66;23/02/2026;BOMIS;BODEGA  2  CABALLETES;activo
BO 222 - 3;0,25 X 400;3001;ROJO;1319,66;23/02/2026;BOMIS;BODEGA  2  CABALLETES;activo
BO 223;0,25;9003;BLANCO;3674;23/02/2026;BOMIS;BODEGA 2;activo
BO 224 - 1;0,59 X 400;9003;BLANCO;1467,66;23/02/2026;BOMIS;BODEGA  2  CANALES;activo
BO 224 - 2;0,59 X 400;9003;BLANCO;1467,66;23/02/2026;BOMIS;BODEGA  2  CANALES;activo
BO 224 - 3;0,59 X 400;9003;BLANCO;1467,66;23/02/2026;BOMIS;BODEGA  2  CANALES;activo
BO 225;0,25;6001;VERDE;3650;23/02/2026;BOMIS;MAQUILADO  TH  20/05/2026  PESO  INICIAL  (3650);sin existencias
BO 226 - 1;0,25 X 400;5005;AZUL;1313;23/02/2026;BOMIS;BODEGA  2  CABALLETES;activo
BO 226 - 2;0,25 X 400;5005;AZUL;1313;23/02/2026;BOMIS;BODEGA  2  CABALLETES;activo
BO 226 - 3;0,25 X 400;5005;AZUL;1313;23/02/2026;BOMIS;BODEGA  2  CABALLETES;activo
BO 227;0,25;3001;ROJO;3968;23/02/2026;BOMIS;MAQUILADO  TH  11/03/2026;sin existencias
BO 228;0,25;6001;VERDE;3719;23/02/2026;BOMIS;MAQUILADO  TH  06/03/2026  PESO  INICIAL  (3719);sin existencias
BO 229 - 1;0,25 X 400;5005;AZUL;1305;23/02/2026;BOMIS;BODEGA  2  CABALLETES;activo
BO 229 - 2;0,25 X 400;5005;AZUL;1305;23/02/2026;BOMIS;BODEGA  2  CABALLETES;activo
BO 229 - 3;0,25 X 400;5005;AZUL;1305;23/02/2026;BOMIS;BODEGA  2  CABALLETES;activo
BO 230 - 1;0,25 X 400;3001;ROJO;1298;23/02/2026;BOMIS;BODEGA  2  CABALLETES;activo
BO 230 - 2;0,25 X 400;3001;ROJO;1298;23/02/2026;BOMIS;BODEGA  2  CABALLETES;activo
BO 230 - 3;0,25 X 400;3001;ROJO;1298;23/02/2026;BOMIS;BODEGA  2  CABALLETES;activo
BO 231 - 1;0,25 X 400;5005;AZUL;1306,66;23/02/2026;BOMIS;BODEGA  2  CABALLETES;activo
BO 231 - 2;0,25 X 400;5005;AZUL;1306,66;23/02/2026;BOMIS;BODEGA  2  CABALLETES;activo
BO 231 - 3;0,25 X 400;5005;AZUL;1306,66;23/02/2026;BOMIS;BODEGA  2  CABALLETES;activo
BO 232 - 1;0,25 X 400;3001;ROJO;1292,33;23/02/2026;BOMIS;BODEGA  2  CABALLETES;activo
BO 232 - 2;0,25 X 400;3001;ROJO;1292,33;23/02/2026;BOMIS;BODEGA  2  CABALLETES;activo
BO 232 - 3;0,25 X 400;3001;ROJO;1292,33;23/02/2026;BOMIS;BODEGA  2  CABALLETES;activo
BO 233 - 1;0,69 X 400;9003;BLANCO;1315,33;23/02/2026;BOMIS; CANALES;sin existencias
BO 233 - 2;0,69 X 400;9003;BLANCO;1315,33;23/02/2026;BOMIS;BODEGA  2  CANALES;destapado
BO 233 - 3;0,69 X 400;9003;BLANCO;1315,33;23/02/2026;BOMIS;BODEGA  2  CANALES;destapado
BO 234 - 1;0,25 X 400;5005;AZUL;1346,66;23/02/2026;BOMIS;BODEGA  2  CABALLETES;activo
BO 234 - 2;0,25 X 400;5005;AZUL;1346,66;23/02/2026;BOMIS;BODEGA  2  CABALLETES;activo
BO 234 - 3;0,25 X 400;5005;AZUL;1346,66;23/02/2026;BOMIS;BODEGA  2  CABALLETES;activo
BO 235 - 1;0,59 X 400;9003;BLANCO;1468,66;23/02/2026;BOMIS;BODEGA  2  CANALES;activo
BO 235 - 2;0,59 X 400;9003;BLANCO;1468,66;23/02/2026;BOMIS;BODEGA  2  CANALES;activo
BO 235 - 3;0,59 X 400;9003;BLANCO;1468,66;23/02/2026;BOMIS;BODEGA  2  CANALES;activo
BO 236;0,70  X  1200;9003;BLANCO;4350;23/02/2026;BOMIS;MAQUILADO  HERMIS  16/03/2026;sin existencias
BO 237 - 1;0,69 X 400;9003;BLANCO;1313,33;23/02/2026;BOMIS;BODEGA  2  CANALES;activo
BO 237 - 2;0,69 X 400;9003;BLANCO;1313,33;23/02/2026;BOMIS;BODEGA  2  CANALES;activo
BO 237 - 3;0,69 X 400;9003;BLANCO;1313,33;23/02/2026;BOMIS;BODEGA  2  CANALES;activo
BO 238;0,39;3001;ROJO;4585;23/02/2026;BOMIS;VENTA  FABRITEJAS  CAQUETA  26/03/2026;sin existencias
BO 239;0,25;9003;BLANCO;3717;23/02/2026;BOMIS;MAQUILADO  TH  27/03/2026  PESO  INICIAL  (3717);sin existencias
BO 240;0,25;3001;ROJO;3886;23/02/2026;BOMIS;MAQUILADO  TH  11/03/2026;sin existencias
BO 241;0,25;5005;AZUL;3690;23/02/2026;BOMIS;VENTA  24/24  23/02/2026;sin existencias
BO 242;0,25;3001;ROJO;3923;23/02/2026;BOMIS;;activo
BO 243;0,25;5005;AZUL;4092;23/02/2026;BOMIS;VENTA  24/24  23/02/2026;sin existencias
BO 244;0,25;3001;ROJO;3925;23/02/2026;BOMIS;VENTA  24/24  09/03/2026;sin existencias
BO 245;0,25;3001;ROJO;3913;23/02/2026;BOMIS;MAQUILADO  TH  06/03/2026  PESO  INICIAL  (3913);sin existencias
BO 246;0,25;3001;ROJO;3878;23/02/2026;BOMIS;MAQUILADO  TH  03/03/2026  PESO  INICIAL  (3878);sin existencias
BO 247;0,25;3001;ROJO;3964;23/02/2026;BOMIS;VENTA  24/24  09/03/2026;sin existencias
BO 248;0,25;3001;ROJO;3897;23/02/2026;BOMIS;MAQUILADO  TH  11/03/2026;sin existencias
BO 249;0,25;3001;ROJO;3889;23/02/2026;BOMIS;MAQUILADO  TH  11/03/2026;sin existencias
BO 250;0,25;5005;AZUL;3883;23/02/2026;BOMIS;VENTA  24/24  23/02/2026;sin existencias
BO 251;0,25;3001;ROJO;3919;23/02/2026;BOMIS;MAQUILADO  TH  12/03/2026;sin existencias
BO 252;0,25;9003;BLANCO;3696;24/02/2026;BOMIS;BODEGA 2;activo
BO 253;0,25;3001;ROJO;3915;24/02/2026;BOMIS;CAMBIO  BELFOR  04/03/2026;sin existencias
BO 254;0,33;3001;ROJO;4537;24/02/2026;BOMIS;MAQUILADO  TH  24/02/2026  PESO  INICIAL  (4537);sin existencias
BO 255;0,33;9003;BLANCO;4550;24/02/2026;BOMIS;CAMBIO  ARGEMIRO  GALEANO  24/02/2026;sin existencias
BO 256;0,33;9003;BLANCO;4366;24/02/2026;BOMIS;CAMBIO  ARGEMIRO  GALEANO  24/02/2026;sin existencias
FB 1;0,25;5010;AZUL;3778;5/03/2026;FRANCISCO  BAEZ;MAQUILADO  TH  07/03/2026;sin existencias
BO 257;0,25;3001;ROJO;4146;12/03/2026;BOMIS;VENTA  24/24  12/03/2026;sin existencias
BO 258;0,25;3001;ROJO;4274;12/03/2026;BOMIS;VENTA  24/24  12/03/2026;sin existencias
BO 259;0,25;3001;ROJO;4323;12/03/2026;BOMIS;VENTA  24/24  12/03/2026;sin existencias
BO 260;0,25;5005;AZUL;4090;12/03/2026;BOMIS;VENTA  24/24  27/03/2026;sin existencias
BO 261;0,25;5005;AZUL;4210;12/03/2026;BOMIS;VENTA  24/24  27/03/2026;sin existencias
BO 262;0,25;5005;AZUL;4165;12/03/2026;BOMIS;VENTA  24/24  27/03/2026;sin existencias
BO 263;0,25;5005;AZUL;4106;12/03/2026;BOMIS;VENTA  24/24  27/03/2026;sin existencias
BO 264;0,25;3001;ROJO;4283;12/03/2026;BOMIS;VENTA  24/24  12/03/2026;sin existencias
BO 265;0,25;3001;ROJO;4369;12/03/2026;BOMIS;VENTA  24/24  12/03/2026;sin existencias
BO 266;0,25;3001;ROJO;4157;12/03/2026;BOMIS;ROLLO  OVALADO;activo
BO 267;0,25;5005;AZUL;4185;12/03/2026;BOMIS;VENTA  24/24  27/03/2026;sin existencias
BO 268;0,25;5005;AZUL;4140;12/03/2026;BOMIS;VENTA  24/24  27/03/2026;sin existencias
BO 269;0,25;3001;ROJO;4284;12/03/2026;BOMIS;;activo
BO 270;0,25;3001;ROJO;4366;12/03/2026;BOMIS;;activo
BO 271;0,25;3001;ROJO;4533;12/03/2026;BOMIS;VENTA  BAEZ  27/04/2026;sin existencias
BO 272;0,25;6001;VERDE;4332;12/03/2026;BOMIS;BODEGA 2;activo
BO 273;0,25;6001;VERDE;4253;12/03/2026;BOMIS;BODEGA 2;activo
BO 274;0,25;5005;AZUL;4207;12/03/2026;BOMIS;MAQUILADO  TH  12/03/2026  PESO  INICIAL  (4207);sin existencias
BO 275;0,25;5005;AZUL;4031;12/03/2026;BOMIS;VENTA  24/24  27/03/2026;sin existencias
BO 276;0,25;3001;ROJO;4195;12/03/2026;BOMIS;;activo
BO 277;0,25;3001;ROJO;4326;12/03/2026;BOMIS;;activo
BO 278;0,25;3001;ROJO;3890;12/03/2026;BOMIS;;activo
BO 279;0,25;3001;ROJO;3961;12/03/2026;BOMIS;;activo
BO 280;0,25;3001;ROJO;4178;12/03/2026;BOMIS;;activo
BO 281;0,27;3001;ROJO;4364;12/03/2026;BOMIS;VENTA  CENTRY  MARKET  12/03/2026;sin existencias
BO 282;0,27;3001;ROJO;4244;12/03/2026;BOMIS;VENTA  CENTRY  MARKET  12/03/2026;sin existencias
BO 283;0,27;5005;AZUL;4362;12/03/2026;BOMIS;VENTA  CENTRY  MARKET  12/03/2026;sin existencias
BO 284;0,27;5005;AZUL;4227;12/03/2026;BOMIS;VENTA  CENTRY  MARKET  12/03/2026;sin existencias
BO 285;0,33;5005;AZUL;3820;14/03/2026;BOMIS;VENTA  ALFA  Y  OMEGA  10/04/2026;sin existencias
BO 286;0,33;5005;AZUL;3642;14/03/2026;BOMIS;VENTA  LAMINAS  LA  IMPERIAL  13/04/2026;sin existencias
BO 287;0,33;5005;AZUL;3665;14/03/2026;BOMIS;VENTA  LEIDY  SANCHEZ  27/03/2026;sin existencias
BO 288;0,33;5005;AZUL;3750;14/03/2026;BOMIS;VENTA  PERFILAM  Y  ACEROS  14/04/2026;sin existencias
BO 289;0,33;9003;BLANCO;4200;14/03/2026;BOMIS;;activo
BO 290;0,25;3001;ROJO;4256;14/03/2026;BOMIS;ABONO  IND.  CANALERA   LADY  SANCHEZ  01/06/2026;activo
BO 291;0,25;3001;ROJO;4102;14/03/2026;BOMIS;;activo
BO 292;0,33;9003;BLANCO;4278;14/03/2026;BOMIS;BODEGA 2;activo
BO 293;0,33;3001;ROJO;4331;14/03/2026;BOMIS;COTIZADO  FABRITEJAS  CAQUETA  JORGE  ACOSTA  20/03/2026;sin existencias
BO 294;0,25;5005;AZUL;4062;14/03/2026;BOMIS;VENTA  24/24  27/03/2026;sin existencias
BO 295;0,25;6001;VERDE;4381;14/03/2026;BOMIS;MAQUILADO  TH  27/03/2026  PESO  INICIAL  (4381);sin existencias
BO 296;0,25;6001;VERDE;4352;14/03/2026;BOMIS;BODEGA 2;activo
BO 297;0,33;6001;VERDE;4260;14/03/2026;BOMIS;CAMBIO  ARGEMIRO  GALEANO  30/03/2026;sin existencias
BO 298;0,33;6001;VERDE;4297;14/03/2026;BOMIS;MAQUILADO  TH  24/03/2026  PESO  INICIAL  (4297);sin existencias
BO 299;0,25;6001;VERDE;4340;14/03/2026;BOMIS;BODEGA 2;activo
BO 300;0,25;3001;ROJO;4290;14/03/2026;BOMIS;VENTA  24/24  25/03/2026;sin existencias
BO 301;0,25;3001;ROJO;4242;14/03/2026;BOMIS;MAQUILADO  TH  24/03/2026  PESO  INICIAL  (4242);sin existencias
BO 302;0,33;3001;ROJO;4135;14/03/2026;BOMIS;COTIZADO  FABRITEJAS  CAQUETA  JORGE  ACOSTA  20/03/2026;sin existencias
BO 303;0,25;3001;ROJO;4355;14/03/2026;BOMIS;;activo
BO 304;0,25;3001;ROJO;4310;14/03/2026;BOMIS;;activo
BO 305;0,25;3001;ROJO;4223;14/03/2026;BOMIS;BODEGA 2;activo
BO 306;0,25;3001;ROJO;4324;14/03/2026;BOMIS;VENTA  NOVALTECHOS  25/03/2026;sin existencias
BO 307;0,25;3001;ROJO;4303;14/03/2026;BOMIS;VENTA  NOVALTECHOS  25/03/2026;sin existencias
BO 308;0,25;3001;ROJO;4342;14/03/2026;BOMIS;VENTA  NOVALTECHOS  25/03/2026;sin existencias
BO 309;0,33;9003;BLANCO;4135;14/03/2026;BOMIS;VENTA  PYL  CONTRUCTORES  09/04/2026;sin existencias
BO 310;0,33;9003;BLANCO;4340;14/03/2026;BOMIS;MAQUILADO  TH  20/03/2026  PESO  INICIAL  (4340);sin existencias
BO 311;0,33;3001;ROJO;3832;14/03/2026;BOMIS;VENTA  CENTRY  MARKET  18/03/2026;sin existencias
BO 312;0,33;3001;ROJO;3854;14/03/2026;BOMIS;VENTA  CENTRY  MARKET  18/03/2026;sin existencias
BO 313;0,33;9003;BLANCO;4238;14/03/2026;BOMIS;BODEGA 2;activo
BO 314;0,33;5005;AZUL;3715;14/03/2026;BOMIS;MAQUILADO  TH  19/03/2026  PESO  INICIAL  (3715);sin existencias
BO 315;0,33;5005;AZUL;3785;14/03/2026;BOMIS;VENTA  24/24  16/03/2026;sin existencias
BO 316;0,25;5005;AZUL;4083;14/03/2026;BOMIS;VENTA  24/24  16/03/2026;sin existencias
BO 317;0,25;5005;AZUL;4123;14/03/2026;BOMIS;MAQUILADO  TH  27/03/2026  PESO  INICIAL  (4123);sin existencias
BO 318;0,33;9003;BLANCO;4253;14/03/2026;BOMIS;BODEGA 2;activo
BO 319;0,33;9003;BLANCO;4250;14/03/2026;BOMIS;BODEGA 2;activo
BO 320;0,33;5005;AZUL;3740;14/03/2026;BOMIS;MAQUILADO  TH  23/04/2026  PESO  INICIAL  (3740);sin existencias
BO 321;0,25;5005;AZUL;4132;16/03/2026;BOMIS;VENTA  24/24  16/03/2026;sin existencias
BO 322;0,25;5005;AZUL;4170;16/03/2026;BOMIS;MAQUILADO  TH  19/03/2026  PESO  INICIAL  (4170);sin existencias
BO 323;0,25;5005;AZUL;4178;16/03/2026;BOMIS;VENTA  24/24  16/03/2026;sin existencias
BO 324;0,25;5005;AZUL;4090;16/03/2026;BOMIS;VENTA  24/24  16/03/2026;sin existencias
BO 325;0,39;5005;AZUL;3731;16/03/2026;BOMIS;CAMBIO  CON  ARGEMIRO  GALEANO  17/03/2026;sin existencias
BO 326;0,25;5005;AZUL;4036;16/03/2026;BOMIS;MAQUILADO  TH  14/04/2026  PESO  INICIAL  (4036);sin existencias
BO 327;0,25;5005;AZUL;4126;16/03/2026;BOMIS;VENTA  24/24  16/03/2026;sin existencias
BO 328;0,25;5005;AZUL;4130;16/03/2026;BOMIS;VENTA  24/24  20/04/2026;sin existencias
BO 329;0,25;5005;AZUL;4143;16/03/2026;BOMIS;VENTA  24/24  16/03/2026;sin existencias
BO 330;0,25;5005;AZUL;4107;16/03/2026;BOMIS;MAQUILADO  TH  08/04/2026  PESO  INICIAL  (4107);sin existencias
BO 331;0,33;9003;BLANCO;4186;16/03/2026;BOMIS;;activo
BO 332;0,25;3001;ROJO;4221;16/03/2026;BOMIS;BODEGA 2;activo
BO 333;0,33;6001;VERDE;4273;16/03/2026;BOMIS;VENTA  PERFILAM  Y  ACEROS  14/04/2026;sin existencias
BO 334;0,25;3001;ROJO;4238;16/03/2026;BOMIS;VENTA  24/24  25/03/2026;sin existencias
BO 335;0,25;3001;ROJO;3965;16/03/2026;BOMIS;BODEGA 2;activo
BO 336;0,39;9003;BLANCO;3728;16/03/2026;BOMIS;MAQUILADO  TH  22/04/2026  PESO  INICIAL  (3728);sin existencias
BO 337;0,33;6001;VERDE;4155;16/03/2026;BOMIS;VENTA  ALFA  Y  OMEGA  23/04/2026;sin existencias
BO 338;0,33;3001;ROJO;3706;16/03/2026;BOMIS;VENTA  CENTRY  MARKET  25/03/2026;sin existencias
BO 339;0,39;3001;ROJO;3758;16/03/2026;BOMIS;VENTA  FABRITEJAS  CAQUETA  26/03/2026;sin existencias
BO 340;0,39;3001;ROJO;3666;16/03/2026;BOMIS;VENTA  LAMINAS  LA  IMPERIAL  11/04/2026;sin existencias
BO 341;0,39;3001;ROJO;3753;16/03/2026;BOMIS;VENTA  PANELCO  25/03/2026;sin existencias
BO 342;0,25;3001;ROJO;4295;16/03/2026;BOMIS;;activo
BO 343;0,39;3001;ROJO;3696;16/03/2026;BOMIS;"VENTA  WILLIAM  ARTUNDUAGA  ""FORJAR""  18/04/2026  ";sin existencias
BO 344;0,39;3001;ROJO;3796;16/03/2026;BOMIS;VENTA  CENTRY  MARKET  26/03/2026;sin existencias
BO 345;0,33;3001;ROJO;4177;17/03/2026;BOMIS;COTIZADO  FABRITEJAS  CAQUETA  JORGE  ACOSTA  20/03/2026;sin existencias
BO 346;0,25;3001;ROJO;4291;17/03/2026;BOMIS;BODEGA 2;activo
BO 347;0,39;5005;AZUL;3720;17/03/2026;BOMIS;CAMBIO  CON  ARGEMIRO  GALEANO  17/03/2026;sin existencias
BO 348;0,25;3001;ROJO;4353;17/03/2026;BOMIS;VENTA  NOVALTECHOS  25/03/2026;sin existencias
BO 349;0,25;3001;ROJO;4325;17/03/2026;BOMIS;BODEGA 2;activo
BO 350;0,25;3001;ROJO;4336;17/03/2026;BOMIS;BODEGA 2;activo
BO 351;0,27;3001;ROJO;4373;17/03/2026;BOMIS;VENTA  CENTRY  MARKET  17/03/2026;sin existencias
BO 352;0,27;3001;ROJO;4433;17/03/2026;BOMIS;VENTA  CENTRY  MARKET  17/03/2026;sin existencias
BO 353;0,27;5005;AZUL;4347;17/03/2026;BOMIS;VENTA  CENTRY  MARKET  17/03/2026;sin existencias
BO 354;0,27;5005;AZUL;4290;17/03/2026;BOMIS;VENTA  CENTRY  MARKET  17/03/2026;sin existencias
BO 355;0,27;3001;ROJO;4411;17/03/2026;BOMIS;VENTA  CENTRY  MARKET  10/04/2026;sin existencias
BO 356;0,33;3001;ROJO;4292;17/03/2026;BOMIS;COTIZADO  FABRITEJAS  CAQUETA  JORGE  ACOSTA  20/03/2026;sin existencias
BO 357;0,39;3001;ROJO;3747;17/03/2026;BOMIS;MAQUILADO  TH  21/03/2026  PESO  INICIAL  (3747);sin existencias
BO 358;0,33;5005;AZUL;3710;17/03/2026;BOMIS;MAQUILADO  TH  26/03/2026  PESO  INICIAL  (3710);sin existencias
BO 359;0,39;9003;BLANCO;3705;17/03/2026;BOMIS;MAQUILADO  TH  21/04/2026  PESO  INICIAL  (3705);sin existencias
BO 360;0,39;6001;VERDE;3820;17/03/2026;BOMIS;VENTA  CENTRY  MARKET  24/04/2026;sin existencias
BO 361;0,39;9003;BLANCO;3815;17/03/2026;BOMIS;VENTA  CUBIERTAS  Y  SUMINISTROS  08/05/2026;sin existencias
BO 362;0,39;5005;AZUL;3845;17/03/2026;BOMIS;VENTA  CENTRY  MARKET  25/03/2026;sin existencias
BO 363;0,39;9003;BLANCO;3762;17/03/2026;BOMIS;MAQUILADO  TH  23/04/2026  PESO  INICIAL  (3762);sin existencias
BO 364;0,39;9003;BLANCO;3814;17/03/2026;BOMIS;VENTA  MUNDIAL  DE  CONSTRUCCIONES  14/04/2026;sin existencias
BO 365;0,25;3001;ROJO;4301;17/03/2026;BOMIS;VENTA  NOVALTECHOS  25/03/2026;sin existencias
BO 366;0,33;3001;ROJO;3711;17/03/2026;BOMIS;MAQUILADO  TH  18/03/2026  PESO  INICIAL  (3711);sin existencias
BO 367;0,39;9003;BLANCO;3882;17/03/2026;BOMIS;MAQUILADO  TH  07/04/2026  PESO  INICIAL  (3382);sin existencias
BO 368;0,25;3001;ROJO;4445;17/03/2026;BOMIS;BODEGA 2;activo
BO 369;0,39;9003;BLANCO;3740;17/03/2026;BOMIS;VENTA  FERRECANALES  26/05/2026;sin existencias
BO 370;0,27;3001;ROJO;4361;17/03/2026;BOMIS;MAQUILADO  TH  30/03/2026  PESO  INICIAL  (4361);sin existencias
BO 371;0,39;9003;BLANCO;3720;17/03/2026;BOMIS;MAQUILADO  TH  08/04/2026  PESO  INICIAL  (3720);sin existencias
BO 372;0,27;3001;ROJO;4311;17/03/2026;BOMIS;VENTA  BC  18/03/2026;sin existencias
BO 373;0,39;6001;VERDE;3813;17/03/2026;BOMIS;VENTA  BC  26/05/2026;sin existencias
BO 374;0,39;6001;VERDE;3808;17/03/2026;BOMIS;CAMBIO  ARGEMIRO  GALEANO  30/03/2026;sin existencias
BO 375;0,27;5005;AZUL;4253;17/03/2026;BOMIS;MAQUILADO  TH  17/03/2026  PESO  INICIAL  (4253);sin existencias
BO 376;0,39;6001;VERDE;3853;18/03/2026;BOMIS;VENTA  CENTRY  MARKET  31/03/2026;sin existencias
BO 377;0,39;5005;AZUL;3732;18/03/2026;BOMIS;VENTA  FABRITEJAS  CAQUETA  15/04/2026;sin existencias
BO 378;0,39;5005;AZUL;3760;18/03/2026;BOMIS;VENTA  FABRITEJAS  CAQUETA  15/04/2026;sin existencias
BO 379;0,39;3001;ROJO;3747;18/03/2026;BOMIS;VENTA  LADY  SANCHEZ  14/04/2026;sin existencias
BO 380;0,39;3001;ROJO;3672;18/03/2026;BOMIS;MAQUILADO  TH  06/04/2026  PESO  INICIAL  (3672);sin existencias
BO 381;0,39;6001;VERDE;3670;18/03/2026;BOMIS;VENTA  DISFERCO  J.A   05/05/2026;sin existencias
BO 382;0,39;5005;AZUL;3705;18/03/2026;BOMIS;COTIZADO  INDUSTRIA  CANALERA   01/06/2026  LADY  SANCHEZ;sin existencias
BO 383;0,39;6001;VERDE;3734;18/03/2026;BOMIS;CAMBIO  ARGEMIRO  GALEANO  30/03/2026;sin existencias
BO 384;0,39;6001;VERDE;3801;18/03/2026;BOMIS;VENTA  FABRITEJAS  CAQUETA  06/04/2026;sin existencias
BO 385;0,39;5005;AZUL;3720;18/03/2026;BOMIS;VENTA  PYL  CONTRUCTORES  09/04/2026;sin existencias
BO 386;0,39;6001;VERDE;3795;18/03/2026;BOMIS;VENTA  FABRITEJAS  CAQUETA  06/04/2026;sin existencias
BO 387;0,39;5005;AZUL;3790;18/03/2026;BOMIS;VENTA  ALFA  Y  OMEGA  08/04/2026;sin existencias
BO 388;0,25;3001;ROJO;4308;18/03/2026;BOMIS;VENTA  NOVALTECHOS  25/03/2026;sin existencias
BO 389;0,33;3001;ROJO;4488;27/03/2026;BOMIS;VENTA  PYL  CONTRUCTORES  09/04/2026;sin existencias
BO 390;0,39;9003;BLANCO;3785;27/03/2026;BOMIS;VENTA  CENTRY  MARKET  06/05/2026  ;sin existencias
BO 391;0,39;3001;ROJO;3810;27/03/2026;BOMIS;VENTA  CENTRY  MARKET  09/04/2026;sin existencias
BO 392;0,39;5005;AZUL;4258;27/03/2026;BOMIS;VENTA  BC  10/04/2026;sin existencias
BO 393;0,39;5005;AZUL;3315;27/03/2026;BOMIS;VENTA  LAMINAS  LA  IMPERIAL  13/04/2026;sin existencias
BO 394;0,39;9003;BLANCO;3801;27/03/2026;BOMIS;VENTA  FERRECANALES  09/04/2026;sin existencias
BO 395;0,33;5005;AZUL;4402;27/03/2026;BOMIS;VENTA  CENTRY  MARKET  14/04/2026;sin existencias
BO 396;0,33;5005;AZUL;4498;27/03/2026;BOMIS;VENTA  CENTRY  MARKET  14/04/2026;sin existencias
BO 397;0,33;5005;AZUL;4465;27/03/2026;BOMIS;VENTA  CENTRY  MARKET  14/04/2026;sin existencias
BO 398;0,39;9003;BLANCO;3826;27/03/2026;BOMIS;VENTA  CENTRY  MARKET  06/05/2026  ;sin existencias
BO 399;0,39;9003;BLANCO;3874;27/03/2026;BOMIS;VENTA  FERRECANALES  09/04/2026;sin existencias
BO 400;0,39;3001;ROJO;3776;27/03/2026;BOMIS;VENTA  PYL  CONTRUCTORES  09/04/2026;sin existencias
BO 401;0,39;9003;BLANCO;3776;27/03/2026;BOMIS;VENTA  FERRECANALES  26/05/2026;sin existencias
BO 402;0,39;3001;ROJO;3755;27/03/2026;BOMIS;VENTA  CENTRY  MARKET  09/04/2026;sin existencias
BO 403;0,39;5005;AZUL;3775;27/03/2026;BOMIS;MAQUILADO  TH  14/05/2026  PESO  INICIAL  (3775);sin existencias
BO 404;0,33;3001;ROJO;4776;27/03/2026;BOMIS;VENTA  CENTRY  MARKET  30/03/2026;sin existencias
BO 405;0,33;5005;AZUL;4556;27/03/2026;BOMIS;VENTA  CENTRY  MARKET  31/03/2026;sin existencias
BO 406;0,33;3001;ROJO;4388;27/03/2026;BOMIS;MAQUILADO  TH  30/03/2026  PESO  INICIAL  (4388);sin existencias
BO 407;0,39;3001;ROJO;3726;27/03/2026;BOMIS;VENTA  BC  09/04/2026;sin existencias
BO 408;0,39;5005;AZUL;3861;27/03/2026;BOMIS;MAQUILADO  TH  10/04/2026  PESO  INICIAL  (3861);sin existencias
BO 409;0,39;9003;BLANCO;3769;27/03/2026;BOMIS;VENTA  FERRECANALES  26/05/2026;sin existencias
BO 410;0,39;5005;AZUL;3724;27/03/2026;BOMIS;MAQUILADO  TH  05/05/2026  PESO  INICIAL  (3724);sin existencias
BO 411;0,39;3001;ROJO;3799;27/03/2026;BOMIS;VENTA  ARTUNDUAGA  14/04/2026;sin existencias
BO 412;0,25;3001;ROJO;4388;27/03/2026;BOMIS;;activo
BO 413;0,33;3001;ROJO;4461;30/03/2026;BOMIS;VENTA  CENTRY  MARKET  30/03/2026;sin existencias
BO 414;0,33;3001;ROJO;4548;30/03/2026;BOMIS;VENTA  CENTRY  MARKET  30/03/2026;sin existencias
BO 415;0,33;5005;AZUL;4546;30/03/2026;BOMIS;VENTA  CENTRY  MARKET  30/03/2026;sin existencias
BO 416;0,25;5005;AZUL;4387;30/03/2026;BOMIS;MAQUILADO  TH  22/04/2026  PESO  INICIAL  (4387);sin existencias
BO 417;0,25;5005;AZUL;4303;30/03/2026;BOMIS;VENTA  24/24  20/04/2026;sin existencias
BO 418;0,25;5005;AZUL;4333;30/03/2026;BOMIS;VENTA  24/24  20/04/2026;sin existencias
BO 419;0,25;5005;AZUL;4341;30/03/2026;BOMIS;VENTA  24/24  20/04/2026;sin existencias
BO 420;0,25;5005;AZUL;4349;30/03/2026;BOMIS;VENTA  24/24  20/04/2026;sin existencias
BO 421;0,25;5005;AZUL;4253;30/03/2026;BOMIS;VENTA  24/24  20/04/2026;sin existencias
BO 422;0,25;5005;AZUL;4380;30/03/2026;BOMIS;VENTA  WILLIAM  ARTUNDUAGA  21/05/2026;sin existencias
BO 423;0,25;5005;AZUL;4312;30/03/2026;BOMIS;VENTA  24/24  20/04/2026;sin existencias
BO 424;0,25;3001;ROJO;4321;31/03/2026;BOMIS;;activo
BO 425;0,25;3001;ROJO;4292;31/03/2026;BOMIS;;activo
BO 426;0,25;3001;ROJO;4348;31/03/2026;BOMIS;;activo
BO 427;0,25;3001;ROJO;4366;31/03/2026;BOMIS;VENTA  24/24  10/04/2026;sin existencias
BO 428;0,25;3001;ROJO;4340;31/03/2026;BOMIS;VENTA  24/24  10/04/2026;sin existencias
BO 429;0,25;3001;ROJO;4337;31/03/2026;BOMIS;VENTA  24/24  10/04/2026;sin existencias
BO 430;0,25;3001;ROJO;4341;31/03/2026;BOMIS;VENTA  24/24  10/04/2026;sin existencias
BO 431;0,25;3001;ROJO;4390;31/03/2026;BOMIS;VENTA  24/24  10/04/2026;sin existencias
BO 432;0,25;3001;ROJO;4326;31/03/2026;BOMIS;VENTA  24/24  10/04/2026;sin existencias
BO 433;0,25;3001;ROJO;4333;31/03/2026;BOMIS;VENTA  24/24  10/04/2026;sin existencias
BO 434;0,25;5005;AZUL;4302;31/03/2026;BOMIS;VENTA  24/24  20/04/2026;sin existencias
BO 435;0,25;5005;AZUL;4524;5/06/2026;BOMIS;;activo
BO 436;0,25;3001;ROJO;4066;5/06/2026;BOMIS;;activo
BO 437;0,25;5005;AZUL;4444;5/06/2026;BOMIS;;activo
BO 438;0,25;5005;AZUL;4290;5/06/2026;BOMIS;;activo
BO 439;0,25;5005;AZUL;4376;5/06/2026;BOMIS;;activo
BO 440;0,25;5005;AZUL;4546;5/06/2026;BOMIS;;activo
BO 441;0,25;5005;AZUL;4446;5/06/2026;BOMIS;;activo
BO 442;0,25;3001;ROJO;4458;5/06/2026;BOMIS;;activo
BO 443;0,25;3001;ROJO;4432;5/06/2026;BOMIS;;activo
BO 444;0,25;5005;AZUL;4382;5/06/2026;BOMIS;;activo
BO 445;0,25;3001;ROJO;4230;5/06/2026;BOMIS;;activo
BO 446;0,25;5005;AZUL;4388;5/06/2026;BOMIS;;activo
BO 447;0,25;3001;ROJO;4476;5/06/2026;BOMIS;;activo
BO 448;0,25;3001;ROJO;4190;5/06/2026;BOMIS;;activo
BO 449;0,25;3001;ROJO;4158;5/06/2026;BOMIS;;activo
BO 450;0,25;5005;AZUL;4442;5/06/2026;BOMIS;;activo
BO 451;0,25;5005;AZUL;4454;5/06/2026;BOMIS;;activo
BO 452;0,25;5005;AZUL;4550;5/06/2026;BOMIS;;activo
BO 453;0,25;3001;ROJO;4552;5/06/2026;BOMIS;;activo
BO 454;0,25;5005;AZUL;4452;5/06/2026;BOMIS;;activo
PH 174;0,25;3001;ROJO;4229;24/04/2026;PHOENIX;VENTA  24/24  27/04/2026;sin existencias
PH 175;0,25;5005;AZUL;4221;24/04/2026;PHOENIX;VENTA  24/24  26/05/2026;sin existencias
PH 176;0,25;3001;ROJO;4295;24/04/2026;PHOENIX;AVERIA  EN  TAPAS;activo
PH 177;0,25;3001;ROJO;4093;24/04/2026;PHOENIX;AVERIA  EN  TAPAS;activo
PH 178;0,25;3001;ROJO;4091;24/04/2026;PHOENIX;COTIZADO  JORGE  ACOSTA  03/06/2026;activo
PH 179;0,25;3001;ROJO;4215;24/04/2026;PHOENIX;;activo
PH 180;0,25;3001;ROJO;4295;24/04/2026;PHOENIX;VENTA  24/24  26/05/2026;sin existencias
PH 181;0,25;5005;AZUL;4295;24/04/2026;PHOENIX;VENTA  24/24  26/05/2026;sin existencias
PH 182;0,25;3001;ROJO;4177;24/04/2026;PHOENIX;;activo
PH 183;0,59 X 1200;9003;BLANCO;4163;24/04/2026;PHOENIX;BODEGA 2;activo
PH 184;0,33;8023;TERRACOTA TEXTURIZADO;4197;24/04/2026;PHOENIX;BODEGA 2;activo
PH 185;0,27;3001;ROJO;4219;24/04/2026;PHOENIX;VENTA  LAMINAS  LA  IMPERIAL  25/04/2026;sin existencias
PH 186;0,25;3001;ROJO;4153;27/04/2026;PHOENIX;AVERIA  EN  TAPAS;activo
PH 187;0,25;3001;ROJO;4281;27/04/2026;PHOENIX;VENTA  24/24  27/04/2026;sin existencias
PH 188;0,25;3001;ROJO;4305;27/04/2026;PHOENIX;VENTA  CRISTIAN  VELAZQUEZ  04/06/2026;sin existencias
PH 189;0,25;5005;AZUL;4139;27/04/2026;PHOENIX;;activo
PH 190;0,25;5005;AZUL;4123;27/04/2026;PHOENIX;VENTA  LAMINAS  LA IMPERIAL  06/06/2026;sin existencias
PH 191;0,25;5005;AZUL;4171;27/04/2026;PHOENIX;AVERIA  EN  TAPAS;activo
PH 192;0,25;3001;ROJO;4213;27/04/2026;PHOENIX;AVERIA  EN  TAPAS;activo
PH 193;0,25;3001;ROJO;4225;27/04/2026;PHOENIX;VENTA  24/24  27/04/2026;sin existencias
PH 194;0,25;3001;ROJO;4173;27/04/2026;PHOENIX;VENTA  24/24  27/04/2026;sin existencias
PH 195;0,25;3001;ROJO;4171;27/04/2026;PHOENIX;VENTA  24/24  27/04/2026;sin existencias
PH 196;0,25;3001;ROJO;4287;27/04/2026;PHOENIX;AVERIA  EN  TAPAS;activo
PH 197;0,25;3001;ROJO;4167;27/04/2026;PHOENIX;VENTA  24/24  06/06/2026;sin existencias
PH 198;0,25;3001;ROJO;4175;27/04/2026;PHOENIX;MAQUILADO  TH  28/04/2026  PESO  INICIAL  (4175);sin existencias
PH 199;0,25;3001;ROJO;4209;27/04/2026;PHOENIX;VENTA  24/24  26/05/2026;sin existencias
PH 200;0,25;3001;ROJO;4075;27/04/2026;PHOENIX;VENTA  LAMINAS  LA  IMPERIAL  06/06/2026;sin existencias
PH 201;0,25;3001;ROJO;4327;27/04/2026;PHOENIX;VENTA  24/24  15/05/2026;sin existencias
PH 202;0,25;5005;AZUL;4135;27/04/2026;PHOENIX;VENTA  24/24  26/05/2026;sin existencias
PH 203;0,25;3001;ROJO;4179;27/04/2026;PHOENIX;AVERIA  EN  TAPAS;activo
PH 204;0,25;3001;ROJO;4175;27/04/2026;PHOENIX;VENTA  24/24  26/05/2026;sin existencias
PH 205;0,25;3001;ROJO;4159;27/04/2026;PHOENIX;AVERIA  EN  TAPAS;activo
PH 206;0,25;5005;AZUL;4231;27/04/2026;PHOENIX;VENTA  24/24  26/05/2026;sin existencias
PH 207;0,25;3001;ROJO;4167;27/04/2026;PHOENIX;VENTA  24/24  27/04/2026;sin existencias
PH 208;0,25;3001;ROJO;4145;27/04/2026;PHOENIX;VENTA  24/24  27/04/2026;sin existencias
PH 209;0,25;5005;AZUL;4125;27/04/2026;PHOENIX;MAQUILADO  TH  19/05/2026  PESO  INICIAL  (4125);sin existencias
PH 210;0,25;5005;AZUL;4121;27/04/2026;PHOENIX;AVERIA  EN  TAPAS;activo
PH 211;0,25;5005;AZUL;4141;27/04/2026;PHOENIX;;activo
PH 212;0,25;3001;ROJO;4129;27/04/2026;PHOENIX;VENTA  24/24  27/04/2026;sin existencias
PH 213;0,25;5005;AZUL;4127;27/04/2026;PHOENIX;MAQUILADO  TH  07/05/2026  PESO  INICIAL  (4127);sin existencias
PH 214;0,25;5005;AZUL;4105;27/04/2026;PHOENIX;MAQUILADO  TH   04/06/2026  PESO  INICIAL  (4105) ;sin existencias
PH 215;0,25;3001;ROJO;4121;27/04/2026;PHOENIX;AVERIA  EN  TAPAS;activo
PH 216;0,27;3001;ROJO;4193;27/04/2026;PHOENIX;VENTA  CENTRY  MARKET  27/04/2026;sin existencias
PH 217;0,27;3001;ROJO;4253;27/04/2026;PHOENIX;VENTA  CENTRY  MARKET  27/04/2026;sin existencias
PH 218;0,27;3001;ROJO;4211;27/04/2026;PHOENIX;VENTA  CENTRY  MARKET  27/04/2026;sin existencias
PH 219;0,27;3001;ROJO;4251;27/04/2026;PHOENIX;VENTA  CENTRY  MARKET  27/04/2026;sin existencias
PH 220;0,27;5005;AZUL;4181;27/04/2026;PHOENIX;VENTA  CENTRY  MARKET  27/04/2026;sin existencias
PH 221;0,27;5005;AZUL;4203;27/04/2026;PHOENIX;VENTA  CENTRY  MARKET  27/04/2026;sin existencias
PH 222;0,27;5005;AZUL;4235;27/04/2026;PHOENIX;VENTA  CENTRY  MARKET  27/04/2026;sin existencias
PH 223;0,27;5005;AZUL;4203;27/04/2026;PHOENIX;VENTA  CENTRY  MARKET  27/04/2026;sin existencias
PH 224;0,39;5005;AZUL;3883;27/04/2026;PHOENIX;VENTA  CENTRY  MARKET  27/04/2026;sin existencias
PH 225;0,39;5005;AZUL;4349;27/04/2026;PHOENIX;VENTA  CENTRY  MARKET  27/04/2026;sin existencias
PH 226;0,39;3001;ROJO;4177;27/04/2026;PHOENIX;VENTA  CENTRY  MARKET  27/04/2026;sin existencias
PH 227;0,39;3001;ROJO;4063;27/04/2026;PHOENIX;VENTA  CENTRY  MARKET  27/04/2026;sin existencias
PH 228;0,39;5005;AZUL;4049;28/04/2026;PHOENIX;VENTA  BC  20/05/2026;sin existencias
PH 229;0,27;5005;AZUL;4281;28/04/2026;PHOENIX;VENTA  CENTRY  MARKET  08/05/2026;sin existencias
PH 230;0,39;3001;ROJO;4105;28/04/2026;PHOENIX;MAQUILADO  TH  29/04/2026  PESO  INICIAL  (4105);sin existencias
PH 231;0,39;3001;ROJO;4067;28/04/2026;PHOENIX;MAQUILADO  TH  07/05/2026  PESO  INICIAL  (4067);sin existencias
PH 232;0,39;3001;ROJO;4219;28/04/2026;PHOENIX;VENTA  BAEZ  06/05/2026;sin existencias
PH 233;0,39;3001;ROJO;4149;28/04/2026;PHOENIX;VENTA  CENTRY  MARKET  08/05/2026;sin existencias
PH 234;0,27;5005;AZUL;4227;28/04/2026;PHOENIX;;activo
PH 235;0,39;3001;ROJO;4111;28/04/2026;PHOENIX;VENTA  CENTRY  MARKET  29/04/2026;sin existencias
PH 236;0,39;5005;AZUL;4279;28/04/2026;PHOENIX;ARGEMIRO  GALEANO  16/05/2026;sin existencias
PH 237;0,39;5005;AZUL;4083;28/04/2026;PHOENIX;ARGEMIRO  GALEANO  15/05/2026;sin existencias
PH 238;0,27;3001;ROJO;4273;28/04/2026;PHOENIX;;activo
PH 239;0,70 X 1200;9003;BLANCO;4231;30/04/2026;PHOENIX;VENTA  LADY  SANCHEZ  26/05/2026;sin existencias
PH 240;0,39;5005;AZUL;4085;30/04/2026;PHOENIX;ARGEMIRO  GALEANO  06/05/2026;sin existencias
PH 241;0,39;5005;AZUL;3695;30/04/2026;PHOENIX;MAQUILADO  TH  02/06/2026  PESO  INICIAL  (3695);sin existencias
PH 242;0,39;3001;ROJO;4187;30/04/2026;PHOENIX;VENTA  DISFERCO  J.A   05/05/2026;sin existencias
PH 243;0,39;5005;AZUL;3669;30/04/2026;PHOENIX;MAQUILADO  TH  05/06/2026  PESO  INICIAL  (3669);sin existencias
PH 244;0,59 X 1200;9003;BLANCO;4167;30/04/2026;PHOENIX;BODEGA 2;activo
PH 245;0,70 X 1200;9003;BLANCO;3963;30/04/2026;PHOENIX;BODEGA 2  FORMALETA;activo
PH 246;0,70 X 1200;9003;BLANCO;3875;30/04/2026;PHOENIX;MAQUILADO  HERMIS  26/05/2026;sin existencias
PH 247;0,59 X 1200;9003;BLANCO;4157;30/04/2026;PHOENIX;BODEGA 2;activo
PH 248;0,59 X 1200;9003;BLANCO;3995;30/04/2026;PHOENIX;BODEGA 2;activo
PH 249;0,70 X 1200;9003;BLANCO;4043;30/04/2026;PHOENIX;BODEGA 2  FORMALETA;activo
PH 250;0,70 X 1200;9003;BLANCO;4049;30/04/2026;PHOENIX;BODEGA 2  FORMALETA;activo
PH 251;0,25;5005;AZUL;4229;2/05/2026;PHOENIX;AVERIA  EN  TAPAS;activo
PH 252;0,25;5005;AZUL;4081;2/05/2026;PHOENIX;ARGEMIRO  GALEANO  16/05/2026;sin existencias
PH 253;0,33;8023;TERRACOTA TEXTURIZADO;4347;2/05/2026;PHOENIX;BODEGA 2;activo
PH 254;0,25;3001;ROJO;4147;2/05/2026;PHOENIX;AVERIA  EN  TAPAS;activo
PH 255;0,25;5005;AZUL;4197;2/05/2026;PHOENIX;VENTA  24/24  06/05/2026;sin existencias
PH 256;0,59 X 1200;9003;BLANCO;4055;2/05/2026;PHOENIX;BODEGA 2;activo
PH 257;0,25;5005;AZUL;4241;2/05/2026;PHOENIX;VENTA  24/24  15/05/2026;sin existencias
PH 258;0,25;5005;AZUL;4123;2/05/2026;PHOENIX;ARGEMIRO  GALEANO  19/05/2026;sin existencias
PH 259;0,25;3001;ROJO;4077;2/05/2026;PHOENIX;;activo
PH 260;0,25;3001;ROJO;4237;2/05/2026;PHOENIX;VENTA  24/24  15/05/2026;sin existencias
PH 261;0,25;5005;AZUL;4299;2/05/2026;PHOENIX;VENTA  24/24  06/05/2026;sin existencias
PH 262;0,33;8023;TERRACOTA TEXTURIZADO;4305;2/05/2026;PHOENIX;BODEGA 2;activo
PH 263;0,33;8023;TERRACOTA TEXTURIZADO;4545;2/05/2026;PHOENIX;SEPARADO  PICASSO  09/06/2026;activo
PH 264;0,33;8023;TERRACOTA TEXTURIZADO;4237;2/05/2026;PHOENIX;BODEGA 2;activo
PH 265;0,33;9003;BLANCO;4325;2/05/2026;PHOENIX;BODEGA 2;activo
PH 266;0,33;9003;BLANCO;4167;2/05/2026;PHOENIX;BODEGA 2;activo
PH 267;0,33;9003;BLANCO;4183;2/05/2026;PHOENIX;BODEGA 2;activo
PH 268;0,33;8023;TERRACOTA TEXTURIZADO;4195;2/05/2026;PHOENIX;BODEGA 2;activo
PH 269;0,33;9003;BLANCO;4109;2/05/2026;PHOENIX;BODEGA 2;activo
PH 270;0,33;9003;BLANCO;4347;2/05/2026;PHOENIX;BODEGA 2;activo
PH 271;0,33;9003;BLANCO;4209;2/05/2026;PHOENIX;BODEGA 2;activo
PH 272;0,33;8023;TERRACOTA TEXTURIZADO;4147;2/05/2026;PHOENIX;BODEGA 2;activo
PH 273;0,33;9003;BLANCO;4157;2/05/2026;PHOENIX;BODEGA 2;activo
PH 274;0,25;5005;AZUL;4191;4/05/2026;PHOENIX;ABONO  INDUSTRIA  CANALERA   01/06/2026  LADY  SANCHEZ;activo
PH 275;0,25;3001;ROJO;4231;4/05/2026;PHOENIX;VENTA  24/24  15/05/2026;sin existencias
PH 276;0,25;3001;ROJO;4161;4/05/2026;PHOENIX;;activo
PH 277;0,25;3001;ROJO;4153;4/05/2026;PHOENIX;VENTA  CENTRY  MARKET  27/05/2026;sin existencias
PH 278;0,25;3001;ROJO;4175;4/05/2026;PHOENIX;VENTA  24/24  06/05/2026;sin existencias
PH 279;0,25;3001;ROJO;4153;4/05/2026;PHOENIX;VENTA  24/24  06/05/2026;sin existencias
PH 280;0,25;3001;ROJO;4145;4/05/2026;PHOENIX;MAQUILADO  TH  13/05/2026  PESO  INICIAL  (4145);sin existencias
PH 281;0,25;5005;AZUL;4117;4/05/2026;PHOENIX;VENTA  24/24  15/05/2026;sin existencias
PH 282;0,25;5005;AZUL;4033;4/05/2026;PHOENIX;VENTA  CENTRY  MARKET  27/05/2026;sin existencias
PH 283;0,25;3001;ROJO;4097;4/05/2026;PHOENIX;VENTA  24/24  06/06/2026;sin existencias
PH 284;0,25;5005;AZUL;4089;4/05/2026;PHOENIX;;activo
PH 285;0,25;3001;ROJO;4159;4/05/2026;PHOENIX;ARGEMIRO  GALEANO  16/05/2026;sin existencias
PH 286;0,25;3001;ROJO;4295;5/05/2026;PHOENIX;VENTA  24/24  26/05/2026;sin existencias
PH 287;0,25;5005;AZUL;4143;5/05/2026;PHOENIX;VENTA  24/24  06/06/2026;sin existencias
PH 288;0,25;5005;AZUL;4169;5/05/2026;PHOENIX;VENTA  24/24  06/06/2026;sin existencias
PH 289;0,25;3001;ROJO;4141;5/05/2026;PHOENIX;;activo
PH 290;0,25;5005;AZUL;4135;5/05/2026;PHOENIX;;activo
PH 291;0,25;5005;AZUL;4247;5/05/2026;PHOENIX;VENTA  24/24  15/05/2026;sin existencias
PH 292;0,25;3001;ROJO;4171;5/05/2026;PHOENIX;MAQUILADO  TH  01/06/2026  PESO  INICIAL  (4171);sin existencias
PH 293;0,25;3001;ROJO;4153;5/05/2026;PHOENIX;MAQUILADO  TH  19/05/2026  PESO  INICIAL  (4153);sin existencias
PH 294;0,25;5005;AZUL;4109;5/05/2026;PHOENIX;;activo
PH 295;0,25;5005;AZUL;4161;5/05/2026;PHOENIX;MAQUILADO  TH  13/05/2026  PESO  INICIAL  (4161);sin existencias
PH 296;0,25;3001;ROJO;4281;5/05/2026;PHOENIX;VENTA  24/24  15/05/2026  PESO  INICIAL  (4281);sin existencias
PH 297;0,33;9003;BLANCO;4119;5/05/2026;PHOENIX;;activo
